a, a, i
a, a, q
a, a, v
a, b, f
a, b, g
a, b, h
a, b, j
a, b, q
a, b, w
a, b, z
a, c, g
a, c, n
a, c, r
a, c, z
a, d, g
a, d, k
a, d, q
a, d, w
a, e, b
a, e, h
a, e, j
a, e, x
a, f, k
a, f, q
a, f, v
a, f, w
a, f, z
a, g, b
a, g, f
a, g, p
a, g, v
a, g, w
a, h, b
a, h, c
a, h, f
a, h, g
a, h, j
a, h, k
a, h, p
a, h, v
a, h, w
a, h, z
a, i, j
a, i, u
a, i, v
a, i, w
a, i, y
a, i, z
a, j, d
a, j, k
a, j, l
a, j, m
a, j, n
a, j, p
a, j, q
a, j, r
a, j, x
a, j, z
a, k, b
a, k, d
a, k, g
a, k, k
a, k, l
a, k, m
a, k, n
a, k, p
a, k, r
a, k, v
a, k, w
a, l, h
a, m, f
a, m, g
a, m, j
a, m, k
a, m, v
a, m, w
a, m, z
a, n, b
a, n, m
a, n, r
a, n, v
a, n, w
a, o, d
a, o, e
a, o, f
a, o, g
a, o, k
a, o, m
a, o, o
a, o, t
a, o, v
a, o, x
a, o, y
a, o, z
a, p, f
a, p, v
a, p, w
a, q, a
a, q, b
a, q, j
a, q, q
a, q, u
a, q, x
a, q, z
a, s, j
a, s, q
a, t, g
a, t, j
a, t, w
a, u, j
a, u, o
a, u, q
a, u, u
a, u, v
a, u, y
a, u, z
a, v, p
a, v, q
a, v, t
a, v, v
a, w, c
a, w, f
a, w, h
a, w, o
a, w, v
a, w, w
a, x, b
a, x, d
a, x, f
a, x, j
a, x, l
a, x, m
a, x, n
a, x, p
a, x, s
a, x, t
a, x, u
a, x, v
a, x, w
a, y, b
a, y, c
a, y, f
a, y, g
a, y, p
a, y, v
a, z, b
a, z, c
a, z, g
a, z, h
a, z, m
a, z, n
a, z, r
a, z, s
a, z, x
b, a, f
b, a, j
b, a, q
b, a, z
b, b, m
b, b, t
b, b, v
b, b, x
b, c, i
b, c, o
b, c, u
b, c, w
b, c, y
b, d, i
b, d, r
b, d, w
b, e, j
b, e, q
b, f, e
b, f, h
b, f, i
b, f, l
b, f, n
b, f, o
b, f, u
b, g, a
b, g, i
b, g, l
b, g, o
b, g, r
b, g, u
b, g, w
b, g, y
b, h, g
b, h, i
b, h, o
b, h, r
b, h, y
b, i, j
b, i, q
b, i, w
b, i, y
b, j, a
b, j, e
b, j, n
b, j, o
b, j, q
b, j, r
b, j, s
b, j, u
b, j, x
b, j, z
b, k, b
b, k, c
b, k, h
b, k, i
b, k, l
b, k, n
b, k, o
b, k, p
b, k, u
b, l, c
b, l, h
b, l, j
b, l, n
b, l, r
b, m, h
b, m, u
b, m, y
b, n, d
b, n, e
b, n, o
b, o, j
b, p, d
b, p, l
b, p, o
b, p, p
b, p, r
b, p, u
b, p, y
b, q, a
b, q, j
b, q, u
b, q, x
b, q, z
b, r, f
b, r, h
b, r, z
b, s, b
b, s, g
b, s, q
b, s, r
b, s, u
b, s, v
b, t, a
b, t, c
b, t, f
b, t, m
b, t, r
b, u, j
b, u, o
b, u, p
b, u, q
b, u, u
b, u, v
b, u, x
b, v, i
b, v, o
b, v, q
b, w, h
b, w, l
b, w, o
b, x, e
b, x, j
b, x, r
b, y, b
b, y, c
b, y, d
b, y, f
b, y, g
b, y, h
b, y, i
b, y, k
b, y, m
b, y, v
b, y, y
b, z, e
b, z, h
b, z, o
b, z, u
b, z, x
b, z, y
c, a, q
c, a, x
c, b, n
c, b, o
c, b, u
c, c, k
c, d, e
c, d, y
c, e, g
c, e, h
c, e, j
c, e, u
c, e, w
c, e, x
c, e, z
c, f, t
c, f, u
c, g, c
c, g, o
c, g, r
c, g, u
c, g, y
c, h, c
c, h, f
c, h, h
c, h, j
c, h, l
c, h, v
c, h, w
c, h, z
c, i, h
c, i, j
c, i, q
c, i, w
c, i, x
c, i, z
c, j, o
c, j, q
c, j, x
c, j, z
c, k, b
c, k, c
c, k, d
c, k, f
c, k, g
c, k, h
c, k, j
c, k, k
c, k, l
c, k, m
c, k, n
c, k, p
c, k, r
c, k, v
c, l, d
c, l, l
c, l, t
c, l, w
c, m, m
c, m, n
c, m, o
c, m, r
c, n, f
c, n, u
c, o, j
c, o, k
c, p, n
c, q, j
c, q, u
c, q, x
c, q, z
c, r, f
c, r, h
c, r, n
c, r, r
c, r, w
c, r, z
c, s, q
c, s, y
c, t, k
c, t, w
c, t, z
c, u, f
c, u, k
c, u, q
c, u, u
c, u, v
c, u, x
c, v, c
c, v, e
c, v, i
c, v, q
c, w, e
c, w, l
c, w, r
c, x, j
c, x, o
c, y, a
c, y, g
c, y, h
c, y, i
c, y, k
c, y, r
c, y, u
c, y, v
c, y, z
c, z, a
c, z, i
c, z, k
c, z, m
c, z, s
c, z, u
c, z, x
d, a, a
d, a, f
d, a, j
d, b, c
d, b, r
d, b, u
d, c, n
d, c, r
d, c, v
d, d, f
d, d, m
d, d, v
d, e, q
d, f, f
d, f, l
d, f, n
d, f, o
d, f, r
d, f, u
d, g, c
d, g, h
d, g, k
d, g, l
d, g, m
d, g, o
d, g, r
d, g, s
d, g, t
d, g, u
d, g, w
d, h, h
d, h, j
d, h, o
d, h, p
d, h, v
d, h, y
d, i, h
d, i, j
d, i, w
d, j, q
d, j, x
d, j, z
d, k, h
d, k, i
d, k, n
d, l, t
d, l, u
d, l, v
d, m, c
d, m, g
d, m, o
d, m, r
d, n, h
d, n, u
d, o, q
d, p, l
d, p, o
d, p, u
d, q, d
d, q, j
d, q, r
d, q, u
d, q, x
d, q, z
d, s, b
d, s, g
d, s, h
d, s, q
d, s, v
d, s, z
d, t, j
d, t, k
d, t, m
d, t, n
d, t, o
d, t, t
d, t, y
d, u, j
d, u, q
d, u, u
d, u, w
d, v, i
d, v, o
d, v, q
d, w, a
d, w, h
d, w, l
d, w, o
d, w, u
d, x, j
d, y, b
d, y, c
d, y, f
d, y, g
d, y, k
d, y, o
d, y, p
d, y, t
d, y, u
d, y, v
d, z, i
d, z, x
d, z, y
e, a, b
e, a, j
e, a, q
e, b, d
e, b, f
e, b, g
e, b, h
e, b, k
e, b, l
e, b, m
e, b, p
e, b, w
e, c, p
e, c, q
e, c, w
e, c, z
e, d, g
e, d, j
e, d, k
e, d, l
e, d, q
e, d, r
e, d, v
e, d, w
e, e, h
e, e, j
e, e, q
e, e, u
e, e, w
e, e, x
e, f, b
e, f, c
e, f, g
e, f, h
e, f, k
e, f, m
e, f, n
e, f, o
e, f, p
e, f, w
e, f, z
e, g, f
e, g, q
e, g, w
e, h, b
e, h, c
e, h, d
e, h, g
e, h, k
e, h, t
e, h, w
e, h, y
e, i, h
e, i, j
e, i, u
e, i, v
e, i, w
e, i, y
e, j, e
e, j, k
e, j, l
e, j, q
e, j, r
e, j, s
e, j, x
e, j, z
e, k, b
e, k, c
e, k, d
e, k, f
e, k, l
e, k, m
e, k, p
e, k, v
e, k, w
e, l, h
e, l, q
e, l, w
e, l, x
e, m, g
e, m, h
e, m, j
e, m, k
e, m, v
e, m, w
e, m, z
e, n, b
e, n, m
e, n, p
e, n, q
e, n, r
e, n, w
e, n, x
e, o, a
e, o, b
e, o, h
e, o, i
e, o, k
e, o, v
e, o, x
e, o, z
e, p, b
e, p, f
e, p, k
e, p, m
e, p, q
e, p, u
e, q, a
e, q, e
e, q, f
e, q, j
e, q, n
e, q, p
e, q, r
e, q, u
e, q, x
e, q, z
e, r, q
e, r, w
e, r, x
e, s, w
e, t, b
e, t, g
e, t, j
e, t, k
e, t, m
e, t, w
e, u, o
e, u, u
e, v, c
e, v, d
e, v, h
e, v, l
e, v, m
e, v, q
e, v, t
e, v, v
e, v, w
e, w, b
e, w, c
e, w, f
e, w, g
e, w, h
e, w, m
e, w, p
e, w, r
e, w, w
e, x, b
e, x, d
e, x, f
e, x, j
e, x, l
e, x, m
e, x, n
e, x, q
e, x, v
e, x, w
e, y, b
e, y, c
e, y, f
e, y, g
e, y, h
e, y, i
e, y, k
e, y, m
e, y, p
e, y, t
e, y, u
e, y, v
e, y, y
e, z, b
e, z, c
e, z, g
e, z, l
e, z, m
e, z, s
e, z, u
e, z, x
f, a, f
f, a, j
f, a, v
f, a, z
f, b, e
f, b, k
f, b, l
f, b, r
f, b, u
f, c, f
f, c, h
f, c, l
f, c, r
f, c, u
f, d, d
f, d, e
f, d, h
f, d, i
f, d, n
f, d, o
f, d, t
f, d, u
f, e, f
f, e, k
f, f, b
f, f, d
f, f, g
f, f, h
f, f, k
f, f, m
f, f, n
f, f, p
f, f, u
f, f, w
f, g, i
f, g, o
f, g, r
f, g, u
f, h, e
f, h, l
f, h, m
f, h, o
f, h, r
f, h, s
f, h, u
f, h, y
f, i, j
f, i, m
f, i, u
f, i, y
f, j, a
f, j, e
f, j, o
f, j, q
f, j, x
f, j, z
f, k, e
f, k, i
f, k, l
f, k, y
f, l, c
f, l, f
f, l, h
f, l, r
f, l, w
f, m, a
f, m, e
f, m, g
f, m, i
f, m, m
f, m, o
f, m, u
f, n, d
f, n, e
f, n, f
f, n, g
f, n, m
f, n, o
f, n, p
f, n, u
f, n, y
f, o, a
f, o, f
f, o, i
f, o, k
f, o, m
f, o, z
f, p, d
f, p, i
f, p, l
f, p, r
f, q, d
f, q, j
f, q, u
f, q, x
f, q, z
f, r, p
f, r, w
f, r, z
f, s, d
f, s, i
f, s, l
f, s, m
f, s, o
f, s, p
f, s, t
f, t, b
f, t, d
f, t, f
f, t, m
f, t, o
f, t, r
f, t, t
f, t, v
f, u, a
f, u, c
f, u, e
f, u, h
f, u, j
f, u, k
f, u, q
f, u, v
f, u, y
f, v, e
f, v, i
f, v, q
f, w, e
f, w, h
f, w, o
f, x, j
f, y, c
f, y, d
f, y, f
f, y, k
f, y, l
f, y, m
f, y, o
f, y, r
f, y, z
f, z, e
f, z, i
f, z, x
g, a, a
g, a, f
g, b, l
g, b, r
g, b, u
g, c, h
g, c, o
g, c, u
g, c, v
g, d, n
g, d, y
g, e, f
g, e, g
g, e, h
g, e, k
g, e, u
g, e, w
g, f, a
g, f, c
g, f, e
g, f, l
g, f, n
g, f, r
g, f, t
g, g, b
g, g, c
g, g, d
g, g, f
g, g, h
g, g, l
g, g, m
g, g, n
g, g, u
g, g, w
g, h, b
g, h, c
g, h, d
g, h, f
g, h, g
g, h, j
g, h, k
g, h, l
g, h, m
g, h, p
g, h, r
g, h, v
g, h, w
g, i, h
g, i, q
g, i, u
g, i, v
g, k, e
g, k, h
g, k, l
g, k, n
g, k, r
g, l, h
g, l, m
g, m, g
g, m, h
g, m, o
g, m, r
g, m, u
g, n, b
g, n, c
g, n, f
g, n, g
g, n, h
g, n, l
g, n, m
g, n, n
g, n, r
g, n, t
g, n, w
g, o, f
g, o, h
g, o, q
g, p, r
g, q, i
g, q, j
g, q, t
g, q, u
g, q, x
g, q, z
g, r, n
g, r, p
g, s, b
g, s, d
g, s, e
g, s, f
g, s, g
g, s, h
g, s, k
g, s, l
g, s, m
g, s, n
g, s, o
g, s, p
g, s, s
g, s, v
g, s, w
g, s, y
g, t, b
g, t, i
g, t, r
g, t, y
g, t, z
g, u, f
g, u, g
g, u, h
g, u, j
g, u, k
g, u, o
g, v, a
g, v, i
g, v, q
g, w, h
g, w, i
g, w, o
g, w, r
g, x, j
g, y, a
g, y, b
g, y, c
g, y, d
g, y, g
g, y, h
g, y, o
g, y, r
g, y, t
g, y, u
g, y, v
h, a, q
h, b, e
h, b, r
h, b, u
h, c, a
h, c, i
h, c, s
h, c, t
h, c, u
h, d, b
h, d, h
h, d, k
h, d, m
h, d, o
h, d, q
h, d, t
h, d, u
h, d, w
h, e, j
h, e, q
h, f, d
h, f, g
h, f, i
h, f, l
h, f, o
h, f, r
h, f, t
h, g, i
h, g, l
h, g, r
h, g, u
h, g, w
h, h, e
h, h, f
h, h, n
h, h, o
h, h, u
h, h, y
h, i, f
h, i, j
h, i, q
h, i, u
h, i, w
h, i, y
h, j, a
h, j, e
h, j, n
h, j, o
h, j, q
h, j, x
h, j, z
h, k, f
h, k, h
h, k, n
h, k, u
h, l, b
h, l, g
h, l, h
h, l, k
h, l, m
h, l, q
h, l, r
h, l, t
h, l, w
h, m, b
h, m, g
h, m, l
h, n, b
h, n, f
h, n, h
h, n, k
h, n, l
h, n, n
h, n, p
h, n, q
h, n, t
h, n, v
h, o, j
h, p, a
h, p, e
h, p, h
h, p, i
h, p, l
h, p, p
h, p, r
h, p, u
h, q, j
h, q, u
h, q, x
h, q, z
h, r, b
h, r, d
h, r, f
h, r, j
h, r, k
h, r, l
h, r, m
h, r, p
h, r, r
h, r, v
h, r, w
h, r, z
h, s, d
h, s, f
h, s, g
h, s, k
h, s, l
h, s, n
h, s, o
h, s, v
h, s, w
h, s, y
h, t, b
h, t, c
h, t, d
h, t, f
h, t, j
h, t, l
h, t, m
h, t, n
h, t, p
h, t, r
h, t, t
h, t, v
h, t, w
h, t, z
h, u, c
h, u, f
h, u, j
h, u, o
h, u, q
h, u, v
h, v, i
h, v, q
h, v, r
h, w, o
h, w, r
h, x, j
h, y, b
h, y, c
h, y, f
h, y, h
h, y, i
h, y, k
h, y, t
h, y, u
h, y, v
h, y, x
h, z, e
h, z, i
h, z, o
h, z, x
i, a, j
i, a, p
i, a, v
i, a, w
i, a, x
i, a, y
i, b, c
i, b, d
i, b, g
i, b, k
i, b, t
i, b, w
i, b, z
i, c, f
i, c, g
i, c, n
i, c, q
i, c, v
i, c, w
i, d, g
i, d, j
i, d, k
i, d, r
i, d, w
i, d, z
i, e, j
i, e, o
i, e, p
i, e, q
i, e, x
i, e, z
i, f, d
i, f, k
i, f, l
i, f, m
i, f, n
i, g, b
i, g, c
i, g, d
i, g, f
i, g, k
i, g, v
i, g, w
i, h, c
i, h, h
i, h, k
i, h, n
i, h, t
i, h, w
i, h, y
i, h, z
i, i, c
i, i, f
i, i, g
i, i, h
i, i, o
i, i, p
i, i, r
i, i, u
i, i, v
i, i, w
i, i, z
i, j, d
i, j, e
i, j, j
i, j, m
i, j, q
i, j, r
i, j, s
i, j, t
i, j, v
i, j, x
i, j, z
i, k, d
i, k, j
i, k, l
i, k, m
i, k, n
i, k, p
i, k, v
i, k, w
i, l, c
i, l, g
i, l, j
i, l, q
i, l, w
i, l, z
i, m, j
i, m, k
i, m, v
i, m, w
i, m, z
i, n, b
i, n, j
i, n, m
i, n, p
i, n, q
i, n, r
i, n, w
i, o, b
i, o, e
i, o, h
i, o, j
i, o, o
i, o, q
i, p, b
i, p, d
i, p, f
i, p, g
i, p, j
i, p, k
i, p, n
i, p, w
i, q, b
i, q, i
i, q, j
i, q, x
i, q, z
i, r, b
i, r, f
i, r, h
i, r, j
i, r, w
i, s, q
i, s, w
i, t, f
i, t, g
i, t, j
i, t, k
i, t, n
i, t, r
i, t, w
i, u, b
i, u, g
i, u, j
i, u, q
i, u, u
i, v, q
i, v, t
i, v, v
i, w, b
i, w, f
i, w, h
i, w, r
i, x, b
i, x, d
i, x, f
i, x, j
i, x, n
i, x, p
i, x, s
i, x, u
i, x, v
i, x, w
i, y, f
i, y, r
i, y, s
i, y, u
i, y, y
i, z, b
i, z, c
i, z, d
i, z, g
i, z, h
i, z, k
i, z, l
i, z, n
i, z, r
i, z, s
i, z, t
i, z, u
i, z, x
j, a, a
j, a, q
j, c, e
j, c, h
j, c, i
j, c, u
j, d, z
j, e, c
j, e, f
j, e, i
j, e, j
j, e, o
j, e, p
j, e, q
j, e, x
j, g, a
j, g, e
j, i, f
j, i, h
j, i, j
j, i, l
j, i, p
j, i, q
j, i, u
j, i, w
j, i, x
j, i, y
j, j, e
j, j, q
j, j, x
j, j, z
j, k, m
j, k, o
j, k, p
j, k, s
j, l, a
j, l, i
j, l, k
j, m, e
j, n, e
j, n, h
j, o, c
j, o, i
j, o, j
j, o, k
j, o, p
j, o, v
j, o, x
j, p, e
j, p, o
j, p, r
j, p, u
j, q, a
j, q, b
j, q, c
j, q, d
j, q, e
j, q, f
j, q, h
j, q, i
j, q, j
j, q, l
j, q, m
j, q, n
j, q, p
j, q, q
j, q, r
j, q, s
j, q, t
j, q, u
j, q, v
j, q, x
j, q, y
j, q, z
j, r, e
j, s, a
j, s, h
j, s, r
j, s, s
j, t, a
j, t, i
j, t, u
j, t, y
j, u, a
j, u, b
j, u, e
j, u, f
j, u, i
j, u, j
j, u, o
j, u, p
j, u, w
j, u, x
j, u, z
j, v, e
j, v, n
j, v, o
j, v, q
j, x, a
j, x, b
j, x, c
j, x, d
j, x, e
j, x, f
j, x, i
j, x, j
j, x, l
j, x, m
j, x, n
j, x, o
j, x, p
j, x, q
j, x, r
j, x, s
j, x, t
j, x, u
j, x, v
j, x, w
j, x, x
j, x, y
j, y, m
j, y, n
j, y, o
j, z, a
j, z, b
j, z, c
j, z, d
j, z, e
j, z, g
j, z, h
j, z, i
j, z, k
j, z, l
j, z, m
j, z, n
j, z, o
j, z, r
j, z, s
j, z, t
j, z, u
j, z, x
j, z, y
j, z, z
k, a, c
k, a, v
k, b, a
k, b, i
k, b, l
k, b, n
k, b, o
k, b, r
k, b, u
k, c, a
k, c, h
k, c, m
k, c, o
k, c, r
k, c, s
k, c, u
k, c, v
k, d, e
k, d, i
k, d, o
k, d, r
k, d, u
k, e, j
k, e, z
k, f, d
k, f, e
k, f, i
k, f, l
k, f, m
k, f, o
k, f, r
k, f, u
k, g, a
k, g, e
k, g, i
k, g, u
k, h, b
k, h, d
k, h, e
k, h, l
k, h, m
k, h, p
k, h, r
k, h, t
k, h, v
k, h, w
k, h, y
k, i, g
k, i, j
k, i, z
k, j, o
k, j, q
k, j, u
k, j, x
k, j, z
k, k, h
k, k, l
k, k, n
k, k, r
k, k, v
k, l, b
k, l, d
k, l, j
k, l, o
k, l, u
k, l, v
k, m, i
k, m, m
k, m, o
k, m, u
k, n, i
k, n, o
k, n, u
k, n, y
k, o, c
k, o, g
k, o, j
k, p, e
k, p, i
k, p, l
k, p, n
k, p, u
k, p, w
k, r, k
k, r, n
k, r, t
k, s, b
k, s, d
k, s, g
k, s, k
k, s, l
k, s, n
k, s, o
k, s, p
k, s, s
k, s, v
k, s, w
k, s, z
k, t, h
k, t, r
k, t, t
k, t, w
k, t, z
k, u, c
k, u, f
k, u, j
k, u, v
k, u, z
k, v, i
k, v, o
k, v, q
k, v, u
k, w, i
k, w, o
k, w, r
k, x, i
k, x, j
k, y, b
k, y, c
k, y, f
k, y, h
k, y, i
k, y, k
k, y, p
k, y, t
k, y, z
l, b, h
l, b, n
l, b, r
l, b, v
l, c, g
l, c, v
l, c, w
l, c, z
l, d, b
l, d, d
l, d, h
l, d, j
l, d, k
l, d, q
l, d, v
l, d, w
l, e, q
l, f, b
l, f, c
l, f, d
l, f, g
l, f, h
l, f, k
l, f, l
l, f, m
l, f, n
l, f, p
l, f, r
l, f, w
l, g, l
l, g, n
l, g, t
l, g, w
l, h, e
l, h, j
l, h, l
l, h, w
l, h, y
l, j, i
l, j, k
l, j, o
l, j, q
l, j, u
l, j, x
l, j, z
l, k, b
l, k, c
l, k, d
l, k, f
l, k, g
l, k, j
l, k, l
l, k, m
l, k, n
l, k, p
l, k, r
l, k, u
l, k, v
l, k, w
l, l, f
l, l, g
l, l, h
l, l, j
l, l, k
l, l, q
l, l, v
l, l, w
l, m, b
l, m, d
l, m, g
l, m, h
l, m, l
l, m, m
l, m, n
l, m, p
l, m, u
l, m, v
l, m, w
l, n, b
l, n, d
l, n, h
l, n, t
l, n, u
l, n, v
l, o, j
l, p, b
l, p, d
l, p, u
l, q, j
l, q, u
l, q, x
l, q, z
l, r, e
l, r, i
l, r, o
l, r, z
l, s, f
l, s, g
l, s, l
l, s, n
l, s, u
l, s, w
l, s, z
l, t, b
l, t, j
l, t, k
l, t, n
l, t, t
l, t, w
l, u, q
l, u, v
l, u, w
l, u, y
l, v, q
l, v, s
l, v, t
l, v, u
l, v, v
l, w, h
l, w, r
l, w, s
l, w, y
l, x, a
l, x, i
l, x, j
l, x, y
l, y, b
l, y, d
l, y, f
l, y, g
l, y, h
l, y, i
l, y, u
l, y, v
l, y, z
l, z, b
l, z, g
l, z, h
l, z, i
l, z, m
l, z, n
l, z, o
l, z, u
l, z, x
m, a, q
m, a, v
m, b, b
m, b, f
m, b, k
m, b, n
m, b, p
m, b, r
m, b, t
m, b, w
m, c, b
m, c, d
m, c, e
m, c, l
m, c, m
m, c, q
m, c, t
m, c, v
m, c, w
m, d, d
m, d, l
m, d, n
m, d, q
m, e, b
m, e, f
m, e, j
m, f, e
m, f, i
m, f, l
m, f, n
m, f, o
m, g, a
m, g, e
m, g, i
m, g, o
m, g, u
m, g, y
m, h, p
m, h, u
m, i, q
m, i, u
m, i, v
m, i, w
m, i, y
m, j, a
m, j, e
m, j, i
m, j, l
m, j, o
m, j, q
m, j, u
m, j, x
m, j, z
m, k, h
m, k, j
m, k, o
m, k, u
m, l, u
m, m, b
m, m, d
m, m, g
m, m, k
m, m, n
m, m, r
m, n, b
m, n, c
m, n, d
m, n, l
m, n, n
m, n, r
m, n, w
m, o, f
m, o, j
m, o, q
m, p, k
m, p, m
m, p, n
m, p, q
m, r, b
m, r, g
m, r, n
m, s, q
m, s, u
m, s, v
m, t, l
m, t, t
m, t, w
m, t, y
m, u, b
m, u, h
m, u, i
m, u, j
m, u, o
m, u, q
m, u, v
m, v, e
m, v, i
m, v, q
m, v, r
m, v, u
m, w, e
m, w, h
m, w, i
m, w, o
m, x, j
m, y, b
m, y, h
m, y, i
m, y, p
m, y, t
m, y, u
m, y, z
m, z, e
m, z, l
m, z, u
m, z, x
n, a, q
n, b, b
n, b, f
n, b, j
n, b, l
n, b, r
n, b, v
n, c, g
n, c, m
n, d, c
n, d, d
n, d, j
n, d, k
n, d, m
n, d, q
n, d, w
n, e, j
n, e, q
n, f, e
n, f, j
n, f, k
n, f, p
n, f, w
n, f, y
n, g, b
n, g, f
n, g, m
n, g, n
n, g, p
n, g, q
n, g, v
n, g, w
n, h, c
n, h, d
n, h, n
n, h, u
n, h, w
n, h, y
n, i, j
n, i, q
n, i, w
n, i, y
n, j, q
n, j, r
n, j, x
n, j, z
n, k, b
n, k, c
n, k, d
n, k, f
n, k, g
n, k, j
n, k, k
n, k, l
n, k, m
n, k, n
n, k, p
n, k, r
n, k, v
n, k, w
n, l, l
n, l, r
n, l, t
n, m, n
n, m, y
n, n, b
n, n, c
n, n, d
n, n, f
n, n, g
n, n, h
n, n, k
n, n, l
n, n, m
n, n, r
n, n, t
n, n, v
n, n, z
n, o, j
n, o, q
n, p, e
n, p, f
n, p, o
n, p, u
n, p, y
n, q, i
n, q, j
n, q, x
n, q, z
n, r, d
n, r, h
n, r, p
n, r, r
n, r, u
n, r, w
n, s, d
n, s, g
n, s, j
n, s, m
n, s, n
n, s, q
n, s, s
n, s, v
n, t, b
n, t, c
n, t, j
n, t, k
n, t, m
n, t, v
n, t, w
n, u, c
n, u, h
n, u, q
n, u, u
n, u, v
n, u, y
n, u, z
n, v, a
n, v, e
n, v, i
n, v, l
n, v, q
n, v, u
n, v, v
n, w, b
n, w, f
n, w, h
n, w, i
n, w, l
n, w, m
n, w, o
n, w, r
n, w, u
n, w, w
n, x, e
n, x, j
n, x, l
n, x, m
n, x, r
n, x, s
n, x, v
n, x, w
n, y, b
n, y, d
n, y, f
n, y, g
n, y, h
n, y, r
n, y, t
n, y, v
n, y, z
n, z, b
n, z, d
n, z, h
n, z, k
n, z, l
n, z, s
n, z, t
n, z, x
o, a, j
o, a, q
o, a, v
o, a, w
o, b, c
o, b, f
o, b, g
o, b, k
o, b, m
o, b, n
o, b, p
o, b, r
o, b, w
o, b, z
o, c, b
o, c, l
o, c, m
o, c, q
o, d, c
o, d, f
o, d, g
o, d, j
o, d, k
o, d, n
o, d, p
o, d, u
o, d, v
o, d, w
o, e, c
o, e, h
o, e, i
o, e, q
o, e, u
o, e, v
o, e, w
o, e, z
o, f, b
o, f, g
o, f, h
o, f, k
o, f, p
o, g, b
o, g, c
o, g, d
o, g, f
o, g, m
o, g, n
o, g, p
o, g, r
o, g, v
o, g, w
o, h, b
o, h, d
o, h, h
o, h, j
o, h, t
o, h, w
o, h, y
o, i, b
o, i, h
o, i, p
o, i, v
o, i, y
o, i, z
o, j, c
o, j, e
o, j, g
o, j, k
o, j, p
o, j, q
o, j, v
o, j, x
o, j, z
o, k, b
o, k, c
o, k, d
o, k, f
o, k, h
o, k, j
o, k, l
o, k, m
o, k, n
o, k, p
o, k, r
o, k, v
o, k, w
o, l, h
o, l, q
o, l, x
o, m, c
o, m, f
o, m, g
o, m, j
o, m, k
o, m, t
o, m, w
o, m, z
o, n, b
o, n, h
o, n, m
o, n, p
o, n, q
o, n, w
o, o, j
o, o, u
o, o, v
o, o, x
o, p, b
o, p, d
o, p, g
o, p, j
o, p, k
o, p, n
o, p, w
o, q, j
o, q, u
o, q, x
o, q, z
o, r, j
o, r, q
o, s, g
o, s, j
o, s, r
o, s, v
o, s, w
o, t, d
o, t, g
o, t, j
o, t, k
o, t, n
o, t, p
o, t, w
o, u, j
o, u, q
o, u, u
o, u, y
o, v, c
o, v, d
o, v, g
o, v, h
o, v, l
o, v, m
o, v, n
o, v, p
o, v, q
o, v, r
o, v, u
o, v, v
o, w, b
o, w, g
o, w, h
o, w, u
o, w, v
o, w, w
o, x, b
o, x, c
o, x, d
o, x, f
o, x, j
o, x, l
o, x, m
o, x, n
o, x, p
o, x, r
o, x, s
o, x, t
o, x, u
o, x, v
o, x, w
o, y, b
o, y, c
o, y, f
o, y, h
o, y, i
o, y, k
o, y, m
o, y, p
o, y, r
o, y, v
o, z, c
o, z, h
o, z, k
o, z, l
o, z, m
o, z, n
o, z, r
o, z, x
p, a, b
p, a, f
p, b, a
p, b, e
p, b, i
p, b, l
p, b, r
p, b, u
p, c, r
p, d, r
p, d, y
p, e, b
p, e, f
p, e, j
p, e, q
p, e, u
p, e, v
p, f, a
p, f, e
p, f, i
p, f, l
p, f, o
p, f, p
p, f, r
p, f, u
p, g, e
p, g, l
p, g, n
p, g, r
p, g, u
p, h, b
p, h, g
p, h, h
p, h, p
p, h, w
p, h, z
p, i, h
p, i, j
p, i, w
p, j, a
p, j, o
p, j, q
p, j, x
p, j, z
p, k, i
p, k, n
p, k, w
p, l, b
p, l, j
p, l, z
p, m, d
p, m, e
p, m, r
p, n, c
p, n, d
p, n, u
p, n, x
p, o, j
p, o, q
p, p, v
p, q, j
p, q, u
p, q, x
p, q, z
p, r, l
p, r, t
p, r, v
p, r, z
p, s, b
p, s, d
p, s, h
p, s, q
p, t, b
p, t, f
p, t, k
p, t, m
p, t, r
p, u, f
p, u, j
p, u, q
p, u, x
p, u, z
p, v, i
p, v, q
p, w, c
p, w, h
p, w, i
p, w, l
p, w, o
p, x, j
p, y, b
p, y, c
p, y, d
p, y, f
p, y, g
p, y, h
p, y, i
p, y, k
p, y, n
p, y, p
p, y, t
p, y, u
p, y, v
q, a, b
q, a, d
q, a, i
q, a, j
q, a, l
q, a, n
q, a, r
q, a, w
q, a, z
q, b, a
q, b, i
q, d, c
q, e, n
q, e, p
q, e, r
q, e, s
q, f, c
q, i, a
q, i, b
q, i, g
q, i, h
q, i, l
q, i, n
q, i, q
q, i, t
q, i, v
q, i, y
q, j, a
q, j, c
q, j, d
q, j, e
q, j, g
q, j, i
q, j, j
q, j, k
q, j, l
q, j, m
q, j, n
q, j, o
q, j, p
q, j, q
q, j, r
q, j, s
q, j, t
q, j, u
q, j, v
q, j, x
q, j, y
q, j, z
q, q, a
q, q, j
q, q, u
q, q, x
q, q, z
q, r, c
q, s, h
q, s, p
q, t, a
q, t, i
q, u, b
q, u, d
q, u, h
q, u, l
q, u, n
q, u, q
q, u, r
q, u, s
q, u, t
q, u, u
q, u, v
q, v, q
q, x, a
q, x, b
q, x, c
q, x, d
q, x, e
q, x, f
q, x, i
q, x, j
q, x, l
q, x, m
q, x, n
q, x, o
q, x, p
q, x, q
q, x, r
q, x, s
q, x, t
q, x, u
q, x, v
q, x, w
q, x, x
q, x, y
q, z, a
q, z, b
q, z, c
q, z, d
q, z, e
q, z, g
q, z, h
q, z, i
q, z, k
q, z, l
q, z, m
q, z, n
q, z, o
q, z, r
q, z, s
q, z, t
q, z, u
q, z, x
q, z, y
q, z, z
r, a, a
r, b, b
r, b, d
r, b, h
r, b, l
r, b, n
r, b, r
r, b, w
r, c, g
r, c, r
r, c, v
r, d, b
r, d, g
r, d, k
r, d, r
r, d, w
r, d, z
r, f, g
r, f, h
r, f, j
r, f, m
r, f, n
r, f, r
r, f, v
r, f, w
r, g, d
r, g, f
r, g, g
r, g, k
r, g, l
r, g, m
r, g, n
r, g, q
r, g, r
r, g, w
r, h, l
r, h, m
r, h, n
r, h, w
r, i, j
r, i, q
r, i, w
r, i, y
r, j, c
r, j, o
r, j, q
r, j, u
r, j, x
r, j, z
r, k, b
r, k, c
r, k, d
r, k, f
r, k, g
r, k, h
r, k, k
r, k, l
r, k, m
r, k, n
r, k, p
r, k, r
r, k, t
r, k, v
r, k, w
r, l, b
r, l, h
r, l, k
r, l, m
r, l, p
r, l, u
r, l, v
r, l, w
r, m, b
r, m, g
r, m, h
r, m, k
r, m, n
r, m, p
r, m, t
r, m, v
r, m, w
r, n, b
r, n, c
r, n, f
r, n, g
r, n, h
r, n, k
r, n, m
r, n, n
r, n, p
r, n, v
r, n, w
r, n, z
r, o, j
r, o, q
r, p, r
r, p, u
r, p, w
r, q, j
r, q, u
r, q, x
r, q, z
r, r, f
r, r, g
r, r, k
r, r, m
r, r, n
r, r, t
r, r, w
r, s, d
r, s, f
r, s, q
r, s, w
r, t, b
r, t, d
r, t, j
r, t, k
r, t, p
r, t, v
r, u, j
r, u, r
r, u, u
r, u, w
r, v, l
r, v, q
r, v, u
r, w, h
r, w, i
r, w, o
r, w, r
r, w, t
r, w, u
r, w, w
r, x, e
r, x, i
r, x, j
r, x, y
r, y, b
r, y, f
r, y, g
r, y, h
r, y, i
r, y, r
r, y, v
r, y, z
r, z, b
r, z, g
r, z, h
r, z, k
r, z, r
r, z, t
r, z, u
r, z, x
s, a, q
s, b, b
s, b, i
s, b, j
s, b, l
s, b, m
s, b, r
s, c, k
s, c, l
s, c, n
s, c, y
s, d, y
s, e, b
s, e, j
s, f, a
s, f, e
s, f, i
s, f, n
s, f, u
s, g, l
s, g, n
s, g, y
s, h, b
s, h, c
s, h, d
s, h, g
s, h, j
s, h, k
s, h, l
s, h, n
s, h, v
s, h, w
s, h, z
s, i, j
s, i, q
s, i, v
s, i, w
s, j, a
s, j, i
s, j, l
s, j, o
s, j, q
s, j, u
s, j, x
s, j, z
s, k, b
s, k, c
s, k, f
s, k, g
s, k, h
s, k, k
s, k, l
s, k, m
s, k, p
s, k, v
s, k, w
s, l, b
s, l, f
s, m, h
s, m, n
s, m, u
s, n, c
s, o, j
s, o, q
s, o, z
s, p, g
s, p, q
s, q, j
s, q, r
s, q, x
s, q, z
s, r, e
s, r, f
s, r, h
s, r, u
s, s, j
s, s, q
s, s, v
s, t, f
s, t, t
s, t, w
s, t, x
s, t, z
s, u, j
s, u, w
s, u, x
s, u, y
s, v, e
s, v, g
s, v, q
s, v, u
s, v, v
s, w, d
s, w, e
s, w, i
s, w, l
s, w, r
s, w, t
s, w, u
s, x, j
s, y, b
s, y, g
s, y, h
s, y, i
s, y, k
s, y, o
s, y, p
s, y, t
s, y, u
s, y, v
s, y, z
s, z, c
s, z, i
s, z, k
s, z, l
s, z, o
s, z, r
s, z, x
t, a, q
t, b, b
t, b, e
t, b, l
t, b, r
t, b, u
t, c, d
t, c, e
t, c, i
t, c, l
t, c, u
t, c, w
t, d, u
t, d, w
t, e, j
t, e, q
t, e, v
t, f, a
t, f, l
t, f, o
t, f, u
t, g, a
t, g, i
t, g, l
t, g, r
t, g, u
t, g, w
t, h, f
t, h, g
t, h, h
t, h, j
t, h, k
t, h, l
t, h, n
t, h, p
t, h, q
t, h, t
t, h, v
t, h, w
t, i, j
t, j, o
t, j, q
t, j, u
t, j, x
t, j, z
t, k, n
t, k, s
t, k, u
t, l, u
t, m, d
t, m, i
t, m, j
t, m, m
t, m, u
t, n, d
t, n, p
t, n, r
t, n, u
t, o, j
t, o, q
t, o, z
t, p, f
t, p, l
t, p, y
t, r, c
t, r, d
t, r, z
t, s, g
t, s, j
t, s, n
t, s, q
t, t, g
t, t, h
t, t, j
t, t, k
t, t, t
t, t, v
t, t, w
t, t, z
t, u, h
t, u, j
t, u, o
t, u, q
t, u, v
t, u, w
t, u, z
t, v, e
t, v, i
t, v, q
t, v, t
t, v, y
t, w, h
t, w, l
t, w, r
t, w, u
t, w, w
t, w, y
t, x, j
t, x, y
t, y, b
t, y, d
t, y, f
t, y, h
t, y, k
t, y, o
t, y, u
t, y, v
t, y, y
t, y, z
t, z, b
t, z, c
t, z, d
t, z, g
t, z, h
t, z, k
t, z, m
t, z, n
t, z, r
t, z, s
t, z, t
t, z, x
u, a, f
u, a, j
u, a, p
u, a, q
u, a, v
u, a, z
u, b, f
u, b, k
u, b, n
u, b, p
u, b, q
u, b, v
u, b, w
u, b, z
u, c, g
u, c, n
u, c, q
u, c, z
u, d, f
u, d, j
u, d, l
u, d, m
u, d, n
u, d, v
u, d, w
u, e, b
u, e, f
u, e, j
u, e, o
u, e, v
u, f, b
u, f, g
u, f, k
u, f, l
u, f, m
u, f, n
u, f, r
u, g, b
u, g, d
u, g, f
u, g, k
u, g, m
u, g, p
u, g, r
u, g, w
u, h, d
u, h, o
u, h, q
u, h, w
u, h, y
u, i, i
u, i, j
u, i, q
u, i, x
u, j, d
u, j, j
u, j, p
u, j, q
u, j, r
u, j, s
u, j, t
u, j, x
u, j, y
u, j, z
u, k, b
u, k, c
u, k, d
u, k, k
u, k, l
u, k, m
u, k, p
u, k, t
u, k, v
u, l, h
u, l, q
u, l, w
u, m, c
u, m, d
u, m, g
u, m, h
u, m, j
u, m, l
u, m, r
u, m, v
u, m, z
u, n, m
u, n, v
u, n, w
u, o, a
u, o, b
u, o, f
u, o, g
u, o, k
u, o, m
u, o, o
u, o, q
u, o, u
u, o, v
u, o, x
u, o, z
u, p, b
u, p, d
u, p, j
u, p, k
u, p, m
u, p, n
u, p, q
u, p, v
u, p, w
u, q, a
u, q, j
u, q, x
u, q, z
u, r, j
u, r, q
u, r, w
u, s, j
u, s, q
u, t, d
u, t, f
u, t, j
u, t, m
u, t, n
u, t, v
u, t, w
u, u, b
u, u, c
u, u, l
u, v, l
u, v, n
u, v, o
u, v, q
u, v, r
u, v, u
u, v, v
u, w, b
u, w, c
u, w, f
u, w, o
u, w, t
u, x, a
u, x, b
u, x, j
u, x, l
u, x, m
u, x, r
u, x, s
u, x, t
u, x, u
u, x, v
u, x, w
u, y, b
u, y, d
u, y, f
u, y, g
u, y, h
u, y, k
u, y, m
u, y, r
u, y, v
u, z, b
u, z, c
u, z, h
u, z, l
u, z, m
u, z, n
u, z, x
v, a, f
v, a, j
v, a, m
v, a, q
v, c, h
v, c, l
v, d, f
v, d, o
v, e, b
v, e, f
v, e, j
v, e, o
v, e, p
v, e, q
v, f, e
v, g, h
v, g, o
v, g, r
v, h, a
v, h, o
v, i, b
v, i, f
v, i, h
v, i, j
v, i, q
v, i, y
v, j, q
v, j, x
v, j, z
v, l, b
v, l, i
v, l, s
v, l, u
v, m, i
v, m, o
v, m, t
v, n, e
v, o, b
v, o, f
v, o, h
v, o, j
v, o, k
v, o, p
v, o, u
v, o, z
v, p, a
v, p, i
v, p, r
v, q, a
v, q, b
v, q, c
v, q, d
v, q, e
v, q, f
v, q, h
v, q, i
v, q, j
v, q, l
v, q, m
v, q, n
v, q, p
v, q, q
v, q, r
v, q, s
v, q, t
v, q, u
v, q, v
v, q, x
v, q, y
v, q, z
v, r, b
v, r, u
v, s, h
v, s, l
v, s, n
v, s, t
v, s, v
v, s, w
v, t, u
v, t, v
v, t, w
v, t, z
v, u, b
v, u, c
v, u, i
v, u, o
v, u, v
v, u, z
v, v, e
v, v, l
v, v, o
v, v, q
v, x, j
v, y, b
v, y, c
v, y, d
v, y, e
v, y, f
v, y, h
v, y, i
v, y, k
v, y, r
v, y, t
v, y, u
v, y, v
v, y, z
w, a, a
w, a, j
w, a, q
w, a, v
w, b, i
w, b, l
w, b, o
w, b, r
w, b, u
w, c, i
w, c, o
w, c, p
w, c, r
w, c, t
w, c, u
w, c, z
w, d, a
w, d, f
w, d, g
w, d, i
w, d, k
w, d, n
w, d, o
w, d, r
w, d, u
w, d, w
w, e, j
w, e, k
w, e, o
w, e, v
w, e, w
w, e, z
w, f, a
w, f, e
w, f, i
w, f, l
w, f, p
w, f, r
w, f, t
w, g, a
w, g, l
w, g, o
w, g, r
w, g, u
w, h, b
w, h, e
w, h, i
w, h, u
w, i, b
w, i, f
w, i, h
w, i, j
w, i, o
w, i, v
w, i, y
w, k, b
w, k, h
w, k, i
w, k, l
w, k, m
w, k, n
w, k, r
w, k, w
w, l, c
w, l, f
w, l, g
w, l, h
w, l, i
w, l, k
w, l, l
w, l, n
w, l, o
w, l, p
w, l, r
w, l, u
w, l, w
w, m, a
w, m, b
w, m, i
w, m, m
w, m, r
w, m, u
w, n, b
w, n, c
w, n, f
w, n, h
w, n, i
w, n, l
w, n, m
w, n, o
w, n, r
w, n, t
w, n, u
w, n, v
w, n, z
w, o, f
w, o, h
w, o, i
w, o, j
w, o, v
w, o, z
w, p, e
w, p, h
w, p, l
w, p, o
w, p, r
w, p, u
w, r, n
w, r, v
w, r, z
w, s, a
w, s, b
w, s, c
w, s, f
w, s, g
w, s, h
w, s, k
w, s, l
w, s, m
w, s, r
w, s, s
w, s, u
w, s, v
w, t, a
w, t, c
w, t, i
w, t, k
w, t, u
w, t, w
w, u, c
w, u, e
w, u, f
w, u, g
w, u, h
w, u, l
w, u, z
w, v, i
w, v, q
w, w, a
w, w, e
w, w, f
w, w, h
w, w, m
w, w, o
w, w, r
w, x, j
w, y, a
w, y, b
w, y, c
w, y, f
w, y, h
w, y, k
w, y, m
w, y, p
w, y, r
w, y, t
w, y, v
x, a, b
x, a, c
x, a, g
x, a, i
x, a, k
x, a, o
x, a, p
x, a, u
x, a, v
x, a, x
x, a, z
x, b, a
x, b, e
x, b, l
x, b, o
x, b, r
x, b, u
x, c, a
x, c, e
x, c, i
x, c, o
x, c, r
x, c, t
x, c, u
x, c, y
x, d, a
x, d, e
x, d, i
x, d, m
x, d, o
x, d, u
x, e, b
x, e, g
x, e, h
x, e, m
x, e, o
x, e, p
x, e, q
x, e, t
x, e, u
x, e, v
x, f, a
x, f, i
x, f, l
x, f, o
x, f, u
x, i, b
x, i, f
x, i, g
x, i, h
x, i, p
x, i, u
x, i, w
x, i, z
x, j, a
x, j, c
x, j, d
x, j, e
x, j, g
x, j, i
x, j, j
x, j, k
x, j, l
x, j, m
x, j, n
x, j, o
x, j, p
x, j, q
x, j, r
x, j, s
x, j, t
x, j, u
x, j, v
x, j, x
x, j, y
x, j, z
x, l, i
x, l, o
x, m, e
x, m, t
x, n, a
x, n, e
x, n, t
x, o, a
x, o, b
x, o, c
x, o, e
x, o, f
x, o, g
x, o, h
x, o, i
x, o, k
x, o, p
x, o, t
x, o, u
x, o, v
x, o, w
x, o, y
x, o, z
x, p, a
x, p, d
x, p, e
x, p, h
x, p, i
x, p, l
x, p, r
x, p, u
x, p, w
x, q, j
x, q, u
x, q, x
x, q, z
x, r, a
x, r, e
x, r, i
x, r, o
x, r, u
x, s, a
x, s, c
x, s, e
x, s, h
x, s, k
x, s, l
x, s, o
x, s, t
x, s, u
x, s, w
x, t, b
x, t, d
x, t, i
x, t, l
x, t, m
x, t, n
x, t, p
x, t, r
x, t, u
x, u, a
x, u, b
x, u, c
x, u, d
x, u, o
x, u, r
x, u, t
x, u, z
x, v, a
x, v, q
x, w, a
x, w, e
x, w, i
x, w, o
x, w, s
x, x, j
x, x, o
x, y, a
x, y, b
x, y, c
x, y, d
x, y, e
x, y, f
x, y, g
x, y, h
x, y, i
x, y, k
x, y, m
x, y, o
x, y, p
x, y, r
x, y, t
x, y, u
y, a, f
y, a, j
y, a, q
y, a, v
y, a, x
y, b, b
y, b, d
y, b, r
y, b, s
y, b, u
y, c, c
y, c, i
y, c, r
y, c, t
y, c, y
y, d, b
y, d, g
y, d, i
y, d, l
y, d, m
y, d, o
y, d, r
y, d, u
y, d, y
y, e, c
y, e, g
y, e, u
y, f, a
y, f, i
y, f, k
y, f, l
y, f, n
y, f, o
y, f, r
y, f, t
y, f, u
y, f, z
y, g, b
y, g, d
y, g, g
y, g, l
y, g, n
y, g, r
y, g, u
y, g, v
y, h, e
y, h, i
y, h, m
y, h, n
y, h, r
y, h, t
y, h, u
y, h, v
y, h, w
y, h, y
y, h, z
y, i, f
y, i, g
y, i, i
y, i, t
y, i, u
y, i, y
y, i, z
y, k, i
y, k, j
y, k, l
y, k, n
y, k, r
y, k, t
y, k, u
y, l, b
y, l, c
y, l, f
y, l, g
y, l, h
y, l, k
y, l, m
y, l, n
y, l, p
y, l, q
y, l, r
y, l, u
y, l, v
y, l, w
y, l, x
y, m, c
y, m, h
y, m, k
y, m, l
y, m, m
y, m, r
y, m, t
y, m, u
y, m, w
y, n, b
y, n, f
y, n, h
y, n, j
y, n, k
y, n, l
y, n, m
y, n, p
y, n, r
y, n, u
y, n, v
y, n, w
y, n, z
y, o, a
y, o, c
y, o, f
y, o, g
y, o, j
y, o, q
y, o, z
y, p, l
y, p, n
y, p, r
y, p, v
y, r, b
y, r, c
y, r, f
y, r, g
y, r, h
y, r, p
y, r, u
y, r, v
y, r, w
y, s, b
y, s, c
y, s, f
y, s, g
y, s, l
y, s, n
y, s, p
y, s, q
y, s, r
y, s, u
y, s, v
y, s, w
y, s, z
y, t, l
y, t, m
y, t, r
y, t, t
y, t, u
y, t, v
y, t, w
y, u, a
y, u, b
y, u, c
y, u, f
y, u, j
y, u, q
y, u, r
y, u, v
y, u, y
y, v, i
y, v, n
y, v, o
y, v, q
y, v, r
y, v, u
y, v, y
y, x, e
y, x, i
y, x, j
y, y, a
y, y, c
y, y, e
y, y, i
y, y, o
y, y, u
y, z, g
y, z, i
y, z, o
y, z, r
y, z, s
y, z, u
y, z, x
y, z, y
y, z, z
z, a, b
z, a, j
z, a, q
z, a, u
z, a, v
z, a, w
z, a, y
z, b, e
z, b, i
z, b, u
z, c, h
z, c, l
z, c, u
z, d, e
z, d, o
z, d, r
z, d, u
z, e, g
z, e, i
z, e, q
z, e, u
z, e, v
z, e, w
z, e, z
z, g, e
z, g, h
z, g, i
z, g, l
z, g, o
z, h, b
z, h, i
z, h, k
z, h, m
z, h, n
z, h, u
z, h, y
z, i, h
z, i, u
z, i, w
z, k, n
z, k, r
z, k, u
z, l, i
z, l, u
z, m, c
z, m, e
z, m, r
z, m, u
z, n, e
z, n, i
z, n, k
z, o, b
z, o, c
z, o, p
z, o, q
z, o, y
z, r, e
z, r, o
z, r, u
z, s, c
z, s, i
z, s, k
z, s, l
z, s, o
z, s, p
z, t, e
z, t, h
z, t, i
z, t, l
z, t, o
z, t, r
z, u, b
z, u, c
z, u, d
z, u, f
z, u, k
z, u, o
z, u, p
z, u, u
z, x, a
z, x, b
z, x, c
z, x, d
z, x, e
z, x, f
z, x, i
z, x, j
z, x, l
z, x, m
z, x, n
z, x, o
z, x, p
z, x, q
z, x, r
z, x, s
z, x, t
z, x, u
z, x, v
z, x, w
z, x, x
z, x, y
z, y, b
z, y, c
z, y, d
z, y, f
z, y, g
z, y, h
z, y, i
z, y, p
z, y, r
z, y, t
z, y, u
z, y, v
z, y, z
z, z, b
z, z, c
z, z, g
z, z, k
z, z, l
z, z, m
z, z, s
z, z, u
z, z, x
', a, c
', a, d
', a, q
', a, r
', a, s
', a, t
', a, u
', a, v
', d, a
', d, e
', d, j
', d, o
', d, r
', d, w
', i, b
', i, g
', i, m
', i, z
', j, a
', j, c
', j, d
', j, e
', j, g
', j, i
', j, j
', j, k
', j, l
', j, m
', j, n
', j, o
', j, p
', j, q
', j, r
', j, s
', j, t
', j, u
', j, v
', j, x
', j, y
', j, z
', l, i
', l, k
', m, a
', m, e
', m, i
', m, u
', n, e
', n, n
', n, o
', q, a
', q, b
', q, c
', q, d
', q, e
', q, f
', q, h
', q, i
', q, j
', q, l
', q, m
', q, n
', q, p
', q, q
', q, r
', q, s
', q, t
', q, u
', q, v
', q, x
', q, y
', q, z
', s, b
', s, h
', s, i
', s, l
', s, m
', s, u
', t, a
', t, h
', t, o
', t, r
', x, a
', x, b
', x, c
', x, d
', x, e
', x, f
', x, i
', x, j
', x, l
', x, m
', x, n
', x, o
', x, p
', x, q
', x, r
', x, s
', x, t
', x, u
', x, v
', x, w
', x, x
', x, y
', y, i
', z, a
', z, b
', z, c
', z, d
', z, e
', z, g
', z, h
', z, i
', z, k
', z, l
', z, m
', z, n
', z, o
', z, r
', z, s
', z, t
', z, u
', z, x
', z, y
', z, z
', ', a
', ', d
', ', i
', ', j
', ', l
', ', m
', ', n
', ', q
', ', s
', ', t
', ', x
', ', y
', ', z
', ', '
