a, a, d
a, a, k
a, a, w
a, a, z
a, b, x
a, b, z
a, c, z
a, d, q
a, e, b
a, e, h
a, e, j
a, e, w
a, e, x
a, e, y
a, e, z
a, e, '
a, f, h
a, f, q
a, f, v
a, f, '
a, g, f
a, g, v
a, h, b
a, h, f
a, h, j
a, h, k
a, h, p
a, h, z
a, i, i
a, i, j
a, i, q
a, i, u
a, i, y
a, j, b
a, j, d
a, j, j
a, j, k
a, j, l
a, j, n
a, j, p
a, j, q
a, j, r
a, j, s
a, j, x
a, j, z
a, j, '
a, k, d
a, k, f
a, k, g
a, k, '
a, l, x
a, m, j
a, m, k
a, n, w
a, o, f
a, o, h
a, o, o
a, o, v
a, o, x
a, o, y
a, o, z
a, p, k
a, p, v
a, p, w
a, q, b
a, q, f
a, q, i
a, q, j
a, q, o
a, q, q
a, q, s
a, q, x
a, q, z
a, r, w
a, s, j
a, t, j
a, t, z
a, u, j
a, u, u
a, u, y
a, v, p
a, v, q
a, v, t
a, w, c
a, w, p
a, w, t
a, w, v
a, w, w
a, w, y
a, w, '
a, x, c
a, x, d
a, x, j
a, x, n
a, x, p
a, x, v
a, x, y
a, y, b
a, y, f
a, y, p
a, y, v
a, z, d
a, z, g
a, z, k
a, z, m
a, z, s
a, z, x
a, z, z
a, ', j
a, ', q
a, ', x
a, ', z
a, ', '
b, a, q
b, b, e
b, b, i
b, b, m
b, b, o
b, b, r
b, b, t
b, b, u
b, b, v
b, b, y
b, c, a
b, c, i
b, c, u
b, c, y
b, d, i
b, d, o
b, d, u
b, d, w
b, f, e
b, f, i
b, f, m
b, f, o
b, f, u
b, g, a
b, g, i
b, g, o
b, g, r
b, g, u
b, g, w
b, g, y
b, h, g
b, h, r
b, h, s
b, h, y
b, h, '
b, j, i
b, j, q
b, j, r
b, j, s
b, j, x
b, j, z
b, j, '
b, k, a
b, k, e
b, k, h
b, k, i
b, k, n
b, k, o
b, k, u
b, l, h
b, l, j
b, l, n
b, l, '
b, m, h
b, m, y
b, n, a
b, n, d
b, n, i
b, n, o
b, n, '
b, p, l
b, p, r
b, p, u
b, p, y
b, r, d
b, r, h
b, r, p
b, s, q
b, s, u
b, s, v
b, s, y
b, t, f
b, t, m
b, t, y
b, t, '
b, u, u
b, v, i
b, v, o
b, v, q
b, w, e
b, w, h
b, w, l
b, w, o
b, x, e
b, x, j
b, x, r
b, y, i
b, y, m
b, y, v
b, y, y
b, z, a
b, z, e
b, z, h
b, z, o
b, z, u
b, z, x
b, z, y
b, ', j
b, ', q
b, ', x
b, ', z
b, ', '
c, b, a
c, b, l
c, b, m
c, b, n
c, b, o
c, b, u
c, b, '
c, c, y
c, d, d
c, d, l
c, d, m
c, d, y
c, e, h
c, e, k
c, e, x
c, f, t
c, f, u
c, g, o
c, g, r
c, g, u
c, g, y
c, g, '
c, h, c
c, h, d
c, h, f
c, h, j
c, h, v
c, h, z
c, i, h
c, i, j
c, i, k
c, i, q
c, j, o
c, j, q
c, j, x
c, j, z
c, k, a
c, k, b
c, k, c
c, k, d
c, k, e
c, k, f
c, k, g
c, k, h
c, k, i
c, k, j
c, k, k
c, k, l
c, k, m
c, k, n
c, k, o
c, k, p
c, k, q
c, k, r
c, k, s
c, k, t
c, k, u
c, k, v
c, k, y
c, k, '
c, l, c
c, m, e
c, m, n
c, m, p
c, n, f
c, n, l
c, n, t
c, n, y
c, n, '
c, p, n
c, p, '
c, q, j
c, q, u
c, q, x
c, q, z
c, q, '
c, r, h
c, r, n
c, r, v
c, s, h
c, s, q
c, s, v
c, s, y
c, s, '
c, t, k
c, t, l
c, t, p
c, t, u
c, t, w
c, t, y
c, t, z
c, u, u
c, v, i
c, v, p
c, v, q
c, w, e
c, w, h
c, w, p
c, w, s
c, x, j
c, x, o
c, y, h
c, y, i
c, y, v
c, z, k
c, z, m
c, z, x
c, z, y
c, z, '
c, ', j
c, ', q
c, ', x
c, ', z
c, ', '
d, b, k
d, b, u
d, b, y
d, c, f
d, c, r
d, c, u
d, c, y
d, d, f
d, d, h
d, d, m
d, d, o
d, d, u
d, d, y
d, f, f
d, f, l
d, f, o
d, f, u
d, g, c
d, g, e
d, g, i
d, g, k
d, g, l
d, g, m
d, g, o
d, g, r
d, g, u
d, g, w
d, g, y
d, h, d
d, h, j
d, h, p
d, h, v
d, h, '
d, j, q
d, j, x
d, j, y
d, j, z
d, k, a
d, k, e
d, k, f
d, k, h
d, k, i
d, k, n
d, k, o
d, k, y
d, l, d
d, l, y
d, m, g
d, m, h
d, m, p
d, m, r
d, n, o
d, n, t
d, n, u
d, n, y
d, n, '
d, o, q
d, p, l
d, p, o
d, p, r
d, p, u
d, q, j
d, q, r
d, q, s
d, q, u
d, q, x
d, q, z
d, r, '
d, s, f
d, s, g
d, s, h
d, s, k
d, s, l
d, s, q
d, s, v
d, s, y
d, s, z
d, t, j
d, t, k
d, t, n
d, t, o
d, t, v
d, t, y
d, u, z
d, u, '
d, v, e
d, v, p
d, v, q
d, v, t
d, v, '
d, w, h
d, w, l
d, w, r
d, w, u
d, x, j
d, y, d
d, y, h
d, y, r
d, y, w
d, z, x
d, z, '
d, ', j
d, ', q
d, ', x
d, ', z
d, ', '
e, a, h
e, a, j
e, a, o
e, a, p
e, a, q
e, a, w
e, a, x
e, a, y
e, a, z
e, b, f
e, b, g
e, b, h
e, b, k
e, b, m
e, b, p
e, b, t
e, b, w
e, b, y
e, c, q
e, c, w
e, c, '
e, d, j
e, d, k
e, d, q
e, e, a
e, e, f
e, e, j
e, e, u
e, e, w
e, e, x
e, e, z
e, f, b
e, f, c
e, f, g
e, f, h
e, f, m
e, f, n
e, f, u
e, f, w
e, f, y
e, f, z
e, f, '
e, g, d
e, g, f
e, g, q
e, g, s
e, g, t
e, g, '
e, h, b
e, h, c
e, h, g
e, h, k
e, h, n
e, h, o
e, h, q
e, h, w
e, h, y
e, h, '
e, i, h
e, i, i
e, i, u
e, i, v
e, i, w
e, i, x
e, i, y
e, i, z
e, i, '
e, j, d
e, j, k
e, j, l
e, j, m
e, j, q
e, j, r
e, j, s
e, j, x
e, j, z
e, j, '
e, k, b
e, k, c
e, k, d
e, k, f
e, k, m
e, k, n
e, k, v
e, k, y
e, k, '
e, l, j
e, l, x
e, m, j
e, m, k
e, m, n
e, m, v
e, m, w
e, m, z
e, n, x
e, o, k
e, o, o
e, o, u
e, o, v
e, o, w
e, o, x
e, o, y
e, p, b
e, p, f
e, p, g
e, p, m
e, p, q
e, p, z
e, p, '
e, q, a
e, q, d
e, q, e
e, q, f
e, q, j
e, q, n
e, q, q
e, q, r
e, q, s
e, q, w
e, q, x
e, q, z
e, r, j
e, r, q
e, r, x
e, s, v
e, s, w
e, s, y
e, s, '
e, t, b
e, t, g
e, t, j
e, t, m
e, t, p
e, t, '
e, u, w
e, u, z
e, v, c
e, v, d
e, v, l
e, v, m
e, v, q
e, v, w
e, w, b
e, w, c
e, w, l
e, w, m
e, w, n
e, w, p
e, w, u
e, w, w
e, w, y
e, x, j
e, x, n
e, x, v
e, x, y
e, y, b
e, y, f
e, y, h
e, y, m
e, y, p
e, y, u
e, y, v
e, y, w
e, y, y
e, y, '
e, z, d
e, z, g
e, z, h
e, z, k
e, z, l
e, z, n
e, z, p
e, z, s
e, z, u
e, z, w
e, z, x
e, z, y
e, ', j
e, ', q
e, ', x
e, ', z
e, ', '
f, b, e
f, b, k
f, b, l
f, b, r
f, b, u
f, c, k
f, c, l
f, c, u
f, c, w
f, c, '
f, d, c
f, d, e
f, d, f
f, d, o
f, d, '
f, e, k
f, e, x
f, f, b
f, f, d
f, f, g
f, f, l
f, f, m
f, f, o
f, f, p
f, f, u
f, f, w
f, f, y
f, f, '
f, g, e
f, g, h
f, g, i
f, g, o
f, g, u
f, h, d
f, h, e
f, h, o
f, h, t
f, h, u
f, h, y
f, i, i
f, i, y
f, j, q
f, j, x
f, j, z
f, l, h
f, l, p
f, l, w
f, l, '
f, m, g
f, m, i
f, m, m
f, m, o
f, m, p
f, m, u
f, n, d
f, n, f
f, n, g
f, n, i
f, n, n
f, n, o
f, n, u
f, n, y
f, n, z
f, n, '
f, p, i
f, p, r
f, p, '
f, q, j
f, q, u
f, q, x
f, q, z
f, r, f
f, r, k
f, r, m
f, s, m
f, s, o
f, s, p
f, s, '
f, t, b
f, t, d
f, t, f
f, t, i
f, t, m
f, t, o
f, t, r
f, t, t
f, t, u
f, t, v
f, t, y
f, u, u
f, u, v
f, v, e
f, v, i
f, v, q
f, v, r
f, v, s
f, w, n
f, w, o
f, w, '
f, x, j
f, y, e
f, y, m
f, y, w
f, y, '
f, z, e
f, z, i
f, z, x
f, ', j
f, ', q
f, ', x
f, ', z
f, ', '
g, b, l
g, b, o
g, b, r
g, b, u
g, b, y
g, c, h
g, c, u
g, c, y
g, d, o
g, d, u
g, f, a
g, f, e
g, f, l
g, f, o
g, f, r
g, f, u
g, g, a
g, g, b
g, g, c
g, g, d
g, g, e
g, g, f
g, g, h
g, g, i
g, g, l
g, g, m
g, g, n
g, g, o
g, g, s
g, g, u
g, g, w
g, g, y
g, g, '
g, h, c
g, h, d
g, h, f
g, h, g
g, h, h
g, h, j
g, h, k
g, h, l
g, h, m
g, h, n
g, h, p
g, h, s
g, h, t
g, h, v
g, h, w
g, h, '
g, i, c
g, i, q
g, j, a
g, j, i
g, j, q
g, j, x
g, j, z
g, k, a
g, k, e
g, k, f
g, k, h
g, k, i
g, k, l
g, k, n
g, k, o
g, k, r
g, k, u
g, k, '
g, l, m
g, l, r
g, m, g
g, m, h
g, m, i
g, m, l
g, m, o
g, m, s
g, m, y
g, n, b
g, n, c
g, n, f
g, n, g
g, n, h
g, n, l
g, n, r
g, n, t
g, n, w
g, n, y
g, n, '
g, o, q
g, p, r
g, q, i
g, q, j
g, q, t
g, q, u
g, q, x
g, q, z
g, r, '
g, s, d
g, s, e
g, s, g
g, s, h
g, s, i
g, s, k
g, s, l
g, s, m
g, s, n
g, s, o
g, s, p
g, s, s
g, s, u
g, s, v
g, s, w
g, s, y
g, s, '
g, t, b
g, t, r
g, t, u
g, t, y
g, t, z
g, t, '
g, u, k
g, u, '
g, v, a
g, v, e
g, v, i
g, v, n
g, v, q
g, w, h
g, w, o
g, w, r
g, w, u
g, y, c
g, y, d
g, y, h
g, y, u
g, y, w
g, z, e
g, z, i
g, z, w
g, z, x
g, ', j
g, ', q
g, ', x
g, ', z
g, ', '
h, b, i
h, b, l
h, b, n
h, b, p
h, b, r
h, b, u
h, b, y
h, b, '
h, c, a
h, c, d
h, c, h
h, c, i
h, c, u
h, c, '
h, d, h
h, d, i
h, d, o
h, d, s
h, d, u
h, d, '
h, e, q
h, f, a
h, f, i
h, f, l
h, f, o
h, f, r
h, f, u
h, g, e
h, g, i
h, g, l
h, g, m
h, g, o
h, g, u
h, h, a
h, h, e
h, h, i
h, h, n
h, h, o
h, h, u
h, h, y
h, i, q
h, i, u
h, j, a
h, j, i
h, j, n
h, j, q
h, j, x
h, j, z
h, k, a
h, k, e
h, k, f
h, k, h
h, k, i
h, k, n
h, k, o
h, k, u
h, k, y
h, l, g
h, l, m
h, l, r
h, l, s
h, l, t
h, l, w
h, l, y
h, m, b
h, m, e
h, m, g
h, m, l
h, m, n
h, m, u
h, m, y
h, n, a
h, n, b
h, n, e
h, n, f
h, n, h
h, n, i
h, n, k
h, n, l
h, n, m
h, n, n
h, n, o
h, n, q
h, n, t
h, n, u
h, n, v
h, n, '
h, o, z
h, p, a
h, p, e
h, p, h
h, p, r
h, p, s
h, p, t
h, p, u
h, q, j
h, q, u
h, q, x
h, q, z
h, r, b
h, r, f
h, r, j
h, r, k
h, r, l
h, r, m
h, r, p
h, r, r
h, r, w
h, s, a
h, s, d
h, s, e
h, s, g
h, s, k
h, s, n
h, s, o
h, s, r
h, s, v
h, s, w
h, s, y
h, s, '
h, t, a
h, t, b
h, t, c
h, t, d
h, t, f
h, t, g
h, t, h
h, t, j
h, t, n
h, t, o
h, t, p
h, t, r
h, t, u
h, t, v
h, t, w
h, t, y
h, t, z
h, t, '
h, v, e
h, v, h
h, v, i
h, v, q
h, v, r
h, w, h
h, w, i
h, w, o
h, w, r
h, y, c
h, y, f
h, y, h
h, y, v
h, y, w
h, y, y
h, z, a
h, z, e
h, z, i
h, z, o
h, z, x
h, z, y
h, ', j
h, ', q
h, ', x
h, ', z
h, ', '
i, a, j
i, a, k
i, a, q
i, a, w
i, a, x
i, a, y
i, a, z
i, a, '
i, b, d
i, b, g
i, b, h
i, b, k
i, b, w
i, b, z
i, c, g
i, c, n
i, c, q
i, c, v
i, c, w
i, c, z
i, d, j
i, d, k
i, d, t
i, d, w
i, e, a
i, e, b
i, e, f
i, e, g
i, e, h
i, e, i
i, e, j
i, e, k
i, e, m
i, e, o
i, e, q
i, e, u
i, e, v
i, e, w
i, e, x
i, e, z
i, e, '
i, f, a
i, f, d
i, f, m
i, f, t
i, f, y
i, g, c
i, g, j
i, g, k
i, g, s
i, g, t
i, g, v
i, g, w
i, g, z
i, g, '
i, h, c
i, h, e
i, h, f
i, h, h
i, h, k
i, h, n
i, h, o
i, h, t
i, h, u
i, h, w
i, h, y
i, h, z
i, h, '
i, i, c
i, i, d
i, i, f
i, i, g
i, i, k
i, i, m
i, i, o
i, i, p
i, i, r
i, i, t
i, i, u
i, i, z
i, i, '
i, j, b
i, j, d
i, j, e
i, j, h
i, j, j
i, j, k
i, j, l
i, j, n
i, j, q
i, j, r
i, j, v
i, j, w
i, j, x
i, j, z
i, k, d
i, k, i
i, k, j
i, k, l
i, k, m
i, k, n
i, k, p
i, k, s
i, k, t
i, k, u
i, k, v
i, k, w
i, k, y
i, k, '
i, l, c
i, l, d
i, l, j
i, l, n
i, l, r
i, l, u
i, l, z
i, m, g
i, m, j
i, m, k
i, m, w
i, m, y
i, m, z
i, n, x
i, n, z
i, o, e
i, o, g
i, o, h
i, o, i
i, o, j
i, o, k
i, o, q
i, o, z
i, p, f
i, p, g
i, p, j
i, p, k
i, p, n
i, p, u
i, p, w
i, p, z
i, p, '
i, q, h
i, q, i
i, q, j
i, q, x
i, q, z
i, r, h
i, r, y
i, s, g
i, s, j
i, s, q
i, s, '
i, t, b
i, t, f
i, t, g
i, t, j
i, t, k
i, t, p
i, t, r
i, t, w
i, u, a
i, u, b
i, u, c
i, u, g
i, u, j
i, u, m
i, u, n
i, u, p
i, u, t
i, u, '
i, v, l
i, v, n
i, v, q
i, v, u
i, v, v
i, v, w
i, w, h
i, w, r
i, w, y
i, w, '
i, x, a
i, x, b
i, x, d
i, x, f
i, x, h
i, x, j
i, x, l
i, x, n
i, x, p
i, x, s
i, x, u
i, x, v
i, x, w
i, x, y
i, y, f
i, y, i
i, y, s
i, y, u
i, z, e
i, z, g
i, z, i
i, z, k
i, z, p
i, z, r
i, z, s
i, z, u
i, z, w
i, z, x
i, ', j
i, ', q
i, ', x
i, ', z
i, ', '
j, b, a
j, b, f
j, b, i
j, c, h
j, c, i
j, c, u
j, d, i
j, d, z
j, d, '
j, e, x
j, e, y
j, g, a
j, i, e
j, i, o
j, i, w
j, i, y
j, j, a
j, j, e
j, j, i
j, j, q
j, j, s
j, j, x
j, j, z
j, j, '
j, k, a
j, k, i
j, k, m
j, k, o
j, k, s
j, k, '
j, l, a
j, l, i
j, m, a
j, m, e
j, n, e
j, n, g
j, n, h
j, n, '
j, p, o
j, p, r
j, p, u
j, q, a
j, q, b
j, q, c
j, q, d
j, q, e
j, q, f
j, q, h
j, q, i
j, q, j
j, q, k
j, q, l
j, q, m
j, q, n
j, q, o
j, q, p
j, q, q
j, q, r
j, q, s
j, q, t
j, q, u
j, q, v
j, q, w
j, q, x
j, q, y
j, q, z
j, q, '
j, r, a
j, r, e
j, r, i
j, s, h
j, s, s
j, t, a
j, t, y
j, v, e
j, v, o
j, v, q
j, w, o
j, x, a
j, x, b
j, x, c
j, x, d
j, x, e
j, x, f
j, x, h
j, x, i
j, x, j
j, x, l
j, x, m
j, x, n
j, x, o
j, x, p
j, x, q
j, x, r
j, x, s
j, x, t
j, x, u
j, x, v
j, x, w
j, x, x
j, x, y
j, x, '
j, z, a
j, z, b
j, z, d
j, z, e
j, z, g
j, z, h
j, z, i
j, z, k
j, z, l
j, z, m
j, z, n
j, z, o
j, z, p
j, z, r
j, z, s
j, z, t
j, z, u
j, z, w
j, z, x
j, z, y
j, z, z
j, z, '
j, ', j
j, ', q
j, ', x
j, ', z
j, ', '
k, a, x
k, b, i
k, b, l
k, b, n
k, b, o
k, b, r
k, b, u
k, b, y
k, c, h
k, c, o
k, c, r
k, c, u
k, c, y
k, d, e
k, d, i
k, d, o
k, d, r
k, d, u
k, e, j
k, e, '
k, f, a
k, f, d
k, f, e
k, f, i
k, f, l
k, f, o
k, f, s
k, f, u
k, f, '
k, g, a
k, g, d
k, g, e
k, g, i
k, g, s
k, g, u
k, h, b
k, h, d
k, h, p
k, h, s
k, h, t
k, h, '
k, i, j
k, j, a
k, j, q
k, j, x
k, j, z
k, j, '
k, k, a
k, k, e
k, k, h
k, k, i
k, k, l
k, k, n
k, k, o
k, k, r
k, k, u
k, k, v
k, k, '
k, l, d
k, l, r
k, l, '
k, m, i
k, m, u
k, m, v
k, n, '
k, o, x
k, p, a
k, p, e
k, p, i
k, p, l
k, p, r
k, p, t
k, p, w
k, q, j
k, q, u
k, q, x
k, q, z
k, r, k
k, s, b
k, s, d
k, s, e
k, s, g
k, s, k
k, s, l
k, s, m
k, s, n
k, s, o
k, s, p
k, s, s
k, s, t
k, s, v
k, s, w
k, s, y
k, s, z
k, s, '
k, t, a
k, t, g
k, t, i
k, t, o
k, t, p
k, t, r
k, t, t
k, t, w
k, t, y
k, t, z
k, t, '
k, v, d
k, v, o
k, v, q
k, w, r
k, w, u
k, w, y
k, y, c
k, y, f
k, y, h
k, y, i
k, y, w
k, ', j
k, ', q
k, ', x
k, ', z
k, ', '
l, b, a
l, b, b
l, b, m
l, b, n
l, b, r
l, b, u
l, b, v
l, b, y
l, c, e
l, c, g
l, c, h
l, c, k
l, c, u
l, c, w
l, c, y
l, c, z
l, c, '
l, d, a
l, d, b
l, d, d
l, d, h
l, d, j
l, d, k
l, d, n
l, d, o
l, d, q
l, d, r
l, d, t
l, d, u
l, d, v
l, d, w
l, d, y
l, d, '
l, f, c
l, f, e
l, f, f
l, f, g
l, f, h
l, f, i
l, f, l
l, f, m
l, f, n
l, f, o
l, f, p
l, f, r
l, f, t
l, f, u
l, f, w
l, f, y
l, g, h
l, g, i
l, g, j
l, g, l
l, g, n
l, g, o
l, g, r
l, g, s
l, g, u
l, g, w
l, g, y
l, h, j
l, h, l
l, h, u
l, h, w
l, h, y
l, i, y
l, j, a
l, j, e
l, j, i
l, j, k
l, j, q
l, j, x
l, j, z
l, j, '
l, l, f
l, l, g
l, l, h
l, l, i
l, l, j
l, l, l
l, l, r
l, l, s
l, l, t
l, l, v
l, l, w
l, l, x
l, l, '
l, m, b
l, m, d
l, m, g
l, m, h
l, m, i
l, m, l
l, m, n
l, m, p
l, m, s
l, m, u
l, m, v
l, m, w
l, m, y
l, n, a
l, n, b
l, n, h
l, n, i
l, n, l
l, n, m
l, n, p
l, n, s
l, n, t
l, n, u
l, n, v
l, n, y
l, n, '
l, p, a
l, p, b
l, p, e
l, p, h
l, p, i
l, p, o
l, p, u
l, p, y
l, r, o
l, r, y
l, r, '
l, s, f
l, s, g
l, s, h
l, s, k
l, s, l
l, s, n
l, s, o
l, s, u
l, s, w
l, s, y
l, s, z
l, s, '
l, t, b
l, t, e
l, t, i
l, t, k
l, t, n
l, t, o
l, t, t
l, t, u
l, t, w
l, t, y
l, t, '
l, v, d
l, v, e
l, v, q
l, v, s
l, v, t
l, v, u
l, v, v
l, v, y
l, v, '
l, w, a
l, w, h
l, w, i
l, w, r
l, w, u
l, w, y
l, x, a
l, x, i
l, x, j
l, x, y
l, y, h
l, y, v
l, y, w
l, z, a
l, z, b
l, z, g
l, z, h
l, z, i
l, z, m
l, z, n
l, z, o
l, z, u
l, z, x
l, z, y
l, z, '
l, ', j
l, ', q
l, ', x
l, ', z
l, ', '
m, b, b
m, b, c
m, b, f
m, b, h
m, b, k
m, b, l
m, b, n
m, b, r
m, b, s
m, b, t
m, b, y
m, c, y
m, d, g
m, d, y
m, f, i
m, f, o
m, f, y
m, g, i
m, g, o
m, g, u
m, g, y
m, h, i
m, h, p
m, h, u
m, h, y
m, h, '
m, i, i
m, i, v
m, j, a
m, j, e
m, j, l
m, j, q
m, j, x
m, j, z
m, k, a
m, k, e
m, k, h
m, k, i
m, k, j
m, k, o
m, k, u
m, k, y
m, k, '
m, l, u
m, l, y
m, m, a
m, m, b
m, m, i
m, m, k
m, m, l
m, m, n
m, m, r
m, m, v
m, m, y
m, n, b
m, n, c
m, n, d
m, n, l
m, n, n
m, n, t
m, n, w
m, n, y
m, p, f
m, p, k
m, p, m
m, p, n
m, p, q
m, p, y
m, r, g
m, r, r
m, r, x
m, r, y
m, s, k
m, s, q
m, s, u
m, s, v
m, s, y
m, t, l
m, t, y
m, v, i
m, v, q
m, v, r
m, w, h
m, w, i
m, w, o
m, x, j
m, y, b
m, y, h
m, y, p
m, y, w
m, z, a
m, z, l
m, z, x
m, z, y
m, ', j
m, ', q
m, ', x
m, ', z
m, ', '
n, b, b
n, b, d
n, b, i
n, b, j
n, b, l
n, b, r
n, b, u
n, b, y
n, c, f
n, c, h
n, c, k
n, c, l
n, c, n
n, c, u
n, c, x
n, c, y
n, c, z
n, c, '
n, d, f
n, d, g
n, d, h
n, d, k
n, d, m
n, d, n
n, d, q
n, d, u
n, d, w
n, d, y
n, d, z
n, e, q
n, e, z
n, f, a
n, f, e
n, f, i
n, f, j
n, f, o
n, f, y
n, f, '
n, g, d
n, g, e
n, g, f
n, g, g
n, g, h
n, g, i
n, g, j
n, g, l
n, g, m
n, g, n
n, g, p
n, g, q
n, g, r
n, g, s
n, g, t
n, g, v
n, g, y
n, g, z
n, h, c
n, h, d
n, h, n
n, h, o
n, h, u
n, h, w
n, h, y
n, h, '
n, j, e
n, j, i
n, j, q
n, j, r
n, j, u
n, j, x
n, j, y
n, j, z
n, j, '
n, k, a
n, k, b
n, k, c
n, k, d
n, k, e
n, k, f
n, k, h
n, k, i
n, k, j
n, k, l
n, k, m
n, k, n
n, k, p
n, k, t
n, k, u
n, k, w
n, k, y
n, k, '
n, l, a
n, l, e
n, l, i
n, l, o
n, l, t
n, l, u
n, l, y
n, l, '
n, m, a
n, m, e
n, m, n
n, m, p
n, m, y
n, m, '
n, n, b
n, n, c
n, n, d
n, n, f
n, n, g
n, n, h
n, n, i
n, n, k
n, n, l
n, n, m
n, n, n
n, n, o
n, n, r
n, n, s
n, n, u
n, n, v
n, n, y
n, n, z
n, n, '
n, o, j
n, o, q
n, p, h
n, p, k
n, p, o
n, p, u
n, p, y
n, q, i
n, q, j
n, q, u
n, q, x
n, q, z
n, q, '
n, r, g
n, r, h
n, r, r
n, r, u
n, r, w
n, r, y
n, s, g
n, s, h
n, s, i
n, s, j
n, s, k
n, s, l
n, s, m
n, s, n
n, s, q
n, s, v
n, s, y
n, s, z
n, s, '
n, t, a
n, t, b
n, t, c
n, t, d
n, t, g
n, t, j
n, t, k
n, t, l
n, t, m
n, t, u
n, t, v
n, t, w
n, t, y
n, t, z
n, u, h
n, u, u
n, u, v
n, u, x
n, v, a
n, v, e
n, v, i
n, v, o
n, v, q
n, v, t
n, v, u
n, v, v
n, v, y
n, w, e
n, w, f
n, w, h
n, w, i
n, w, m
n, w, n
n, w, o
n, w, r
n, w, u
n, w, w
n, w, y
n, x, e
n, x, i
n, x, j
n, x, l
n, x, m
n, x, r
n, x, s
n, x, t
n, x, v
n, x, w
n, x, '
n, y, f
n, y, g
n, y, v
n, y, w
n, y, '
n, z, a
n, z, d
n, z, e
n, z, h
n, z, i
n, z, k
n, z, l
n, z, n
n, z, o
n, z, p
n, z, s
n, z, t
n, z, u
n, z, w
n, z, x
n, z, y
n, z, '
n, ', j
n, ', q
n, ', x
n, ', z
n, ', '
o, a, a
o, a, b
o, a, e
o, a, g
o, a, i
o, a, j
o, a, l
o, a, q
o, a, w
o, a, y
o, a, z
o, a, '
o, b, g
o, b, h
o, b, k
o, b, z
o, c, b
o, c, m
o, c, z
o, c, '
o, d, b
o, d, c
o, d, f
o, d, g
o, d, h
o, d, j
o, d, k
o, d, n
o, d, p
o, d, v
o, e, g
o, e, q
o, e, t
o, e, v
o, e, w
o, e, y
o, e, z
o, e, '
o, f, b
o, f, d
o, f, g
o, f, h
o, f, p
o, f, u
o, f, w
o, f, y
o, f, '
o, g, f
o, g, j
o, g, n
o, g, s
o, g, v
o, g, w
o, h, b
o, h, c
o, h, d
o, h, h
o, h, j
o, h, n
o, h, r
o, h, t
o, h, u
o, h, w
o, h, y
o, i, a
o, i, b
o, i, f
o, i, g
o, i, h
o, i, o
o, i, p
o, i, v
o, i, x
o, i, y
o, j, c
o, j, d
o, j, e
o, j, g
o, j, k
o, j, o
o, j, p
o, j, q
o, j, u
o, j, v
o, j, x
o, j, z
o, k, b
o, k, c
o, k, d
o, k, f
o, k, j
o, k, k
o, k, n
o, k, p
o, k, v
o, k, y
o, l, h
o, l, j
o, l, r
o, l, x
o, l, z
o, l, '
o, m, c
o, m, f
o, m, g
o, m, h
o, m, j
o, m, k
o, m, t
o, m, w
o, m, y
o, m, z
o, n, j
o, n, p
o, n, q
o, n, v
o, n, x
o, o, j
o, o, v
o, o, w
o, o, x
o, o, y
o, o, '
o, p, b
o, p, g
o, p, j
o, p, k
o, p, l
o, p, n
o, p, w
o, p, y
o, q, j
o, q, x
o, q, z
o, q, '
o, r, q
o, s, j
o, s, q
o, s, z
o, t, g
o, t, j
o, t, n
o, t, p
o, t, q
o, t, z
o, u, h
o, u, m
o, u, u
o, u, w
o, u, x
o, u, '
o, v, c
o, v, d
o, v, g
o, v, h
o, v, l
o, v, m
o, v, n
o, v, p
o, v, q
o, v, r
o, v, s
o, v, t
o, v, v
o, v, y
o, v, '
o, w, b
o, w, f
o, w, j
o, w, m
o, w, p
o, w, u
o, w, v
o, w, w
o, w, '
o, x, j
o, x, v
o, y, b
o, y, c
o, y, d
o, y, f
o, y, g
o, y, h
o, y, i
o, y, m
o, y, n
o, y, p
o, y, r
o, y, t
o, y, u
o, y, v
o, y, w
o, y, '
o, z, h
o, z, l
o, z, n
o, z, r
o, z, u
o, z, x
o, ', j
o, ', q
o, ', x
o, ', z
o, ', '
p, b, a
p, b, e
p, b, i
p, b, l
p, b, o
p, b, r
p, b, u
p, b, y
p, c, e
p, c, k
p, c, r
p, c, u
p, c, w
p, c, y
p, d, m
p, d, o
p, d, r
p, d, y
p, e, f
p, f, r
p, f, s
p, f, '
p, g, e
p, g, i
p, g, l
p, g, o
p, g, r
p, g, u
p, h, b
p, h, g
p, h, h
p, h, n
p, h, w
p, h, z
p, i, h
p, i, j
p, j, a
p, j, e
p, j, o
p, j, q
p, j, x
p, j, z
p, k, a
p, k, e
p, k, i
p, k, n
p, k, '
p, l, j
p, l, '
p, m, p
p, n, h
p, n, s
p, n, u
p, n, '
p, o, j
p, p, u
p, p, v
p, p, y
p, p, '
p, q, j
p, q, r
p, q, u
p, q, x
p, q, z
p, s, b
p, s, q
p, t, b
p, t, h
p, t, k
p, t, m
p, t, r
p, v, i
p, v, q
p, v, r
p, v, s
p, w, e
p, w, h
p, w, i
p, w, l
p, w, o
p, w, y
p, x, j
p, y, b
p, y, f
p, y, p
p, y, w
p, z, i
p, z, x
p, ', j
p, ', q
p, ', x
p, ', z
p, ', '
q, a, a
q, a, z
q, a, '
q, b, a
q, b, i
q, d, b
q, d, n
q, e, l
q, e, n
q, f, c
q, f, s
q, i, h
q, i, l
q, i, m
q, i, r
q, i, t
q, i, '
q, j, a
q, j, b
q, j, c
q, j, d
q, j, e
q, j, f
q, j, g
q, j, h
q, j, i
q, j, j
q, j, k
q, j, l
q, j, m
q, j, n
q, j, o
q, j, p
q, j, q
q, j, r
q, j, s
q, j, t
q, j, u
q, j, v
q, j, w
q, j, x
q, j, y
q, j, z
q, j, '
q, n, a
q, o, n
q, p, t
q, q, a
q, q, j
q, q, u
q, q, x
q, q, z
q, r, c
q, r, t
q, s, h
q, s, m
q, s, p
q, t, i
q, u, d
q, u, h
q, u, s
q, u, u
q, u, v
q, u, '
q, v, q
q, x, a
q, x, b
q, x, c
q, x, d
q, x, e
q, x, f
q, x, h
q, x, i
q, x, j
q, x, l
q, x, m
q, x, n
q, x, o
q, x, p
q, x, q
q, x, r
q, x, s
q, x, t
q, x, u
q, x, v
q, x, w
q, x, x
q, x, y
q, x, '
q, z, a
q, z, b
q, z, d
q, z, e
q, z, g
q, z, h
q, z, i
q, z, k
q, z, l
q, z, m
q, z, n
q, z, o
q, z, p
q, z, r
q, z, s
q, z, t
q, z, u
q, z, w
q, z, x
q, z, y
q, z, z
q, z, '
q, ', j
q, ', q
q, ', x
q, ', z
q, ', '
r, b, a
r, b, b
r, b, d
r, b, k
r, b, l
r, b, m
r, b, n
r, b, r
r, b, s
r, b, u
r, b, w
r, b, y
r, c, e
r, c, g
r, c, k
r, c, q
r, c, r
r, c, y
r, c, z
r, c, '
r, d, d
r, d, g
r, d, i
r, d, k
r, d, n
r, d, o
r, d, r
r, d, u
r, d, v
r, d, w
r, d, y
r, d, z
r, d, '
r, f, f
r, f, g
r, f, h
r, f, j
r, f, m
r, f, n
r, f, u
r, f, v
r, f, w
r, f, y
r, g, a
r, g, d
r, g, f
r, g, g
r, g, h
r, g, k
r, g, m
r, g, n
r, g, o
r, g, q
r, g, r
r, g, w
r, g, y
r, g, '
r, h, l
r, h, m
r, h, w
r, i, u
r, i, w
r, j, a
r, j, i
r, j, o
r, j, q
r, j, u
r, j, x
r, j, y
r, j, z
r, j, '
r, k, a
r, k, b
r, k, c
r, k, d
r, k, f
r, k, g
r, k, h
r, k, i
r, k, k
r, k, l
r, k, m
r, k, n
r, k, o
r, k, p
r, k, r
r, k, s
r, k, t
r, k, u
r, k, v
r, k, w
r, k, y
r, k, '
r, l, a
r, l, b
r, l, f
r, l, h
r, l, m
r, l, p
r, l, s
r, l, u
r, l, v
r, l, w
r, l, '
r, m, b
r, m, d
r, m, e
r, m, g
r, m, h
r, m, k
r, m, l
r, m, n
r, m, p
r, m, t
r, m, u
r, m, v
r, m, w
r, m, y
r, m, '
r, n, b
r, n, c
r, n, e
r, n, f
r, n, h
r, n, i
r, n, j
r, n, k
r, n, m
r, n, n
r, n, p
r, n, s
r, n, t
r, n, u
r, n, y
r, p, a
r, p, b
r, p, e
r, p, h
r, p, l
r, p, p
r, p, r
r, p, u
r, p, w
r, p, y
r, q, a
r, q, j
r, q, u
r, q, x
r, q, z
r, r, a
r, r, d
r, r, e
r, r, f
r, r, g
r, r, k
r, r, l
r, r, m
r, r, r
r, r, s
r, r, t
r, r, u
r, r, v
r, r, w
r, r, y
r, r, '
r, s, d
r, s, k
r, s, o
r, s, q
r, s, y
r, s, z
r, s, '
r, t, b
r, t, d
r, t, h
r, t, j
r, t, k
r, t, n
r, t, o
r, t, p
r, t, q
r, t, v
r, t, y
r, t, z
r, t, '
r, u, j
r, u, u
r, v, a
r, v, e
r, v, i
r, v, l
r, v, o
r, v, q
r, v, y
r, w, h
r, w, i
r, w, r
r, w, t
r, w, u
r, w, w
r, x, a
r, x, e
r, x, i
r, x, j
r, x, y
r, x, '
r, y, g
r, y, h
r, y, i
r, y, r
r, y, v
r, y, w
r, y, '
r, ', j
r, ', q
r, ', x
r, ', z
r, ', '
s, b, b
s, b, d
s, b, h
s, b, j
s, b, n
s, b, y
s, c, g
s, c, k
s, c, q
s, d, t
s, d, y
s, d, '
s, f, f
s, f, i
s, f, l
s, f, n
s, f, s
s, f, t
s, f, y
s, f, '
s, g, b
s, g, e
s, g, h
s, g, l
s, g, n
s, g, o
s, g, s
s, g, u
s, g, y
s, g, '
s, h, b
s, h, d
s, h, g
s, h, j
s, h, q
s, h, s
s, h, z
s, i, i
s, i, y
s, j, i
s, j, q
s, j, u
s, j, x
s, j, z
s, j, '
s, k, b
s, k, c
s, k, d
s, k, f
s, k, g
s, k, j
s, k, m
s, k, n
s, k, p
s, k, s
s, k, w
s, k, '
s, l, f
s, l, l
s, l, m
s, l, n
s, m, h
s, m, n
s, n, s
s, p, b
s, p, g
s, p, m
s, p, '
s, q, j
s, q, x
s, q, z
s, q, '
s, r, e
s, r, f
s, r, g
s, r, h
s, r, y
s, s, j
s, s, k
s, s, l
s, s, q
s, s, v
s, s, x
s, s, y
s, s, '
s, t, f
s, t, j
s, t, w
s, t, x
s, t, z
s, u, x
s, u, y
s, v, q
s, v, u
s, v, '
s, w, c
s, w, d
s, w, r
s, x, a
s, x, j
s, y, g
s, y, h
s, y, i
s, y, w
s, z, k
s, z, r
s, z, t
s, z, x
s, z, '
s, ', j
s, ', q
s, ', x
s, ', z
s, ', '
t, b, b
t, b, e
t, b, f
t, b, l
t, b, r
t, b, u
t, b, y
t, c, e
t, c, i
t, c, l
t, c, n
t, c, o
t, c, u
t, c, w
t, c, y
t, c, z
t, d, s
t, d, u
t, d, w
t, f, a
t, f, d
t, f, e
t, f, f
t, f, i
t, f, m
t, f, n
t, f, o
t, f, u
t, g, a
t, g, e
t, g, l
t, g, o
t, g, r
t, g, u
t, h, f
t, h, g
t, h, h
t, h, k
t, h, n
t, h, p
t, h, q
t, h, t
t, h, v
t, i, i
t, i, x
t, j, c
t, j, g
t, j, q
t, j, x
t, j, z
t, k, a
t, k, e
t, k, i
t, k, n
t, k, s
t, k, u
t, k, y
t, l, f
t, l, g
t, l, l
t, l, s
t, l, u
t, l, y
t, m, f
t, m, j
t, m, l
t, m, u
t, m, y
t, n, a
t, n, e
t, n, i
t, n, l
t, n, r
t, n, u
t, n, y
t, n, '
t, p, a
t, p, f
t, p, l
t, p, u
t, p, y
t, p, '
t, q, j
t, q, u
t, q, x
t, q, z
t, r, c
t, r, d
t, r, l
t, s, b
t, s, j
t, s, l
t, s, n
t, s, q
t, s, y
t, s, '
t, t, a
t, t, b
t, t, e
t, t, g
t, t, h
t, t, i
t, t, j
t, t, k
t, t, n
t, t, o
t, t, r
t, t, v
t, t, w
t, t, z
t, u, h
t, v, i
t, v, m
t, v, o
t, v, q
t, v, r
t, v, y
t, w, h
t, w, l
t, w, r
t, w, w
t, x, j
t, x, y
t, y, f
t, y, h
t, y, o
t, y, q
t, y, v
t, y, w
t, z, b
t, z, d
t, z, g
t, z, h
t, z, k
t, z, l
t, z, m
t, z, n
t, z, p
t, z, r
t, z, s
t, z, t
t, z, w
t, z, x
t, z, y
t, z, '
t, ', j
t, ', q
t, ', x
t, ', z
t, ', '
u, a, a
u, a, c
u, a, d
u, a, f
u, a, g
u, a, h
u, a, i
u, a, j
u, a, o
u, a, q
u, a, s
u, a, t
u, a, v
u, a, x
u, a, z
u, a, '
u, b, d
u, b, f
u, b, g
u, b, h
u, b, j
u, b, k
u, b, n
u, b, p
u, b, r
u, b, t
u, b, v
u, b, w
u, b, z
u, b, '
u, c, e
u, c, g
u, c, n
u, c, p
u, c, q
u, c, t
u, c, y
u, c, z
u, c, '
u, d, f
u, d, g
u, d, h
u, d, j
u, d, l
u, d, n
u, d, u
u, d, v
u, d, w
u, d, y
u, d, z
u, e, a
u, e, b
u, e, d
u, e, e
u, e, f
u, e, g
u, e, i
u, e, j
u, e, m
u, e, n
u, e, o
u, e, p
u, e, r
u, e, s
u, e, t
u, e, v
u, e, w
u, e, x
u, e, z
u, e, '
u, f, b
u, f, g
u, f, i
u, f, l
u, f, m
u, f, n
u, f, r
u, f, t
u, f, u
u, f, y
u, f, '
u, g, b
u, g, d
u, g, e
u, g, f
u, g, i
u, g, k
u, g, m
u, g, n
u, g, p
u, g, u
u, g, w
u, g, y
u, g, z
u, g, '
u, h, a
u, h, e
u, h, i
u, h, m
u, h, n
u, h, o
u, h, q
u, h, w
u, h, y
u, h, '
u, i, a
u, i, b
u, i, e
u, i, f
u, i, h
u, i, i
u, i, j
u, i, k
u, i, o
u, i, q
u, i, v
u, i, x
u, i, y
u, i, z
u, i, '
u, j, d
u, j, e
u, j, o
u, j, q
u, j, r
u, j, s
u, j, t
u, j, x
u, j, y
u, j, z
u, k, b
u, k, c
u, k, d
u, k, h
u, k, k
u, k, l
u, k, m
u, k, o
u, k, p
u, k, t
u, k, v
u, k, w
u, k, y
u, l, g
u, l, h
u, l, j
u, l, w
u, l, x
u, m, c
u, m, d
u, m, h
u, m, j
u, m, k
u, m, n
u, m, r
u, m, v
u, m, y
u, m, z
u, m, '
u, n, x
u, p, '
u, r, j
u, r, k
u, r, w
u, s, j
u, s, y
u, s, z
u, t, b
u, t, d
u, t, j
u, t, k
u, t, v
u, t, y
u, t, z
u, u, a
u, u, b
u, u, d
u, u, i
u, u, l
u, u, r
u, u, s
u, u, '
u, v, l
u, v, n
u, v, o
u, v, q
u, v, y
u, w, a
u, w, b
u, w, e
u, w, f
u, w, i
u, w, l
u, w, o
u, w, w
u, w, '
u, x, a
u, x, e
u, x, f
u, x, h
u, x, i
u, x, j
u, x, l
u, x, r
u, x, s
u, x, t
u, x, u
u, x, v
u, x, w
u, x, y
u, y, a
u, y, b
u, y, d
u, y, f
u, y, h
u, y, i
u, y, l
u, y, m
u, y, n
u, y, o
u, y, p
u, y, r
u, y, s
u, y, t
u, y, u
u, y, v
u, y, w
u, y, '
u, z, d
u, z, e
u, z, h
u, z, l
u, z, m
u, z, n
u, z, o
u, z, u
u, z, w
u, z, x
u, z, y
u, z, '
u, ', j
u, ', q
u, ', x
u, ', z
u, ', '
v, a, o
v, c, h
v, c, i
v, c, l
v, c, '
v, d, a
v, d, o
v, d, p
v, d, s
v, e, k
v, e, m
v, e, o
v, e, q
v, e, w
v, e, '
v, g, h
v, g, o
v, g, r
v, g, s
v, h, o
v, j, q
v, j, x
v, j, z
v, l, l
v, l, '
v, m, a
v, n, a
v, n, c
v, n, i
v, n, o
v, n, s
v, n, '
v, o, f
v, o, h
v, o, k
v, o, p
v, o, v
v, o, '
v, p, a
v, p, r
v, p, '
v, q, a
v, q, b
v, q, c
v, q, d
v, q, e
v, q, f
v, q, h
v, q, i
v, q, j
v, q, k
v, q, l
v, q, m
v, q, n
v, q, o
v, q, p
v, q, q
v, q, r
v, q, s
v, q, t
v, q, u
v, q, v
v, q, w
v, q, x
v, q, y
v, q, z
v, q, '
v, r, u
v, r, y
v, r, '
v, s, c
v, s, h
v, s, k
v, s, l
v, s, n
v, s, v
v, s, w
v, s, '
v, t, u
v, t, w
v, t, z
v, u, b
v, u, e
v, u, n
v, u, r
v, u, s
v, u, t
v, u, z
v, v, a
v, v, e
v, v, i
v, v, o
v, v, q
v, v, y
v, x, j
v, y, d
v, y, f
v, y, h
v, y, l
v, y, t
v, y, u
v, y, w
v, y, y
v, y, '
v, ', j
v, ', q
v, ', x
v, ', z
v, ', '
w, a, o
w, b, a
w, b, e
w, b, i
w, b, l
w, b, o
w, b, r
w, b, w
w, b, y
w, c, a
w, c, e
w, c, h
w, c, i
w, c, o
w, c, r
w, c, u
w, c, y
w, c, z
w, d, a
w, d, e
w, d, f
w, d, g
w, d, i
w, d, k
w, d, l
w, d, n
w, d, o
w, d, r
w, d, s
w, d, u
w, d, w
w, d, y
w, d, '
w, f, a
w, f, e
w, f, f
w, f, i
w, f, l
w, f, n
w, f, o
w, f, s
w, f, u
w, f, '
w, g, a
w, g, e
w, g, h
w, g, i
w, g, l
w, g, o
w, g, r
w, g, u
w, h, m
w, h, n
w, i, j
w, i, '
w, j, o
w, j, q
w, j, u
w, j, x
w, j, z
w, k, a
w, k, b
w, k, e
w, k, h
w, k, i
w, k, m
w, k, n
w, k, r
w, k, w
w, k, y
w, k, '
w, l, b
w, l, c
w, l, d
w, l, f
w, l, g
w, l, h
w, l, l
w, l, n
w, l, p
w, l, r
w, l, s
w, l, t
w, l, u
w, l, w
w, l, y
w, l, '
w, m, a
w, m, b
w, m, e
w, m, i
w, m, m
w, m, p
w, m, r
w, m, u
w, n, a
w, n, b
w, n, c
w, n, d
w, n, e
w, n, f
w, n, g
w, n, h
w, n, i
w, n, l
w, n, m
w, n, o
w, n, r
w, n, s
w, n, t
w, n, u
w, n, v
w, n, y
w, n, z
w, n, '
w, o, '
w, p, e
w, p, h
w, p, i
w, p, l
w, p, o
w, p, r
w, p, u
w, p, y
w, p, '
w, r, d
w, r, s
w, r, '
w, s, b
w, s, c
w, s, e
w, s, f
w, s, g
w, s, h
w, s, k
w, s, l
w, s, o
w, s, r
w, s, s
w, s, t
w, s, u
w, s, v
w, s, y
w, s, '
w, t, a
w, t, c
w, t, h
w, t, i
w, t, k
w, t, s
w, t, u
w, t, w
w, t, y
w, t, z
w, t, '
w, u, w
w, v, e
w, v, i
w, v, q
w, w, a
w, w, e
w, w, h
w, w, r
w, w, '
w, y, b
w, y, f
w, y, g
w, y, h
w, y, '
w, ', j
w, ', q
w, ', x
w, ', z
w, ', '
x, a, b
x, a, c
x, a, d
x, a, e
x, a, f
x, a, g
x, a, h
x, a, i
x, a, k
x, a, m
x, a, o
x, a, p
x, a, s
x, a, u
x, a, x
x, a, z
x, a, '
x, b, a
x, b, e
x, b, i
x, b, l
x, b, o
x, b, r
x, b, u
x, b, y
x, c, a
x, c, e
x, c, h
x, c, i
x, c, o
x, c, r
x, c, u
x, c, y
x, c, '
x, d, a
x, d, e
x, d, o
x, d, u
x, e, a
x, e, c
x, e, e
x, e, g
x, e, h
x, e, i
x, e, l
x, e, o
x, e, p
x, e, q
x, e, s
x, e, t
x, e, u
x, e, y
x, f, a
x, f, i
x, f, l
x, f, o
x, f, u
x, h, a
x, h, b
x, h, e
x, h, i
x, h, l
x, h, u
x, h, y
x, i, b
x, i, f
x, i, g
x, i, h
x, i, l
x, i, t
x, i, u
x, i, w
x, j, a
x, j, b
x, j, c
x, j, d
x, j, e
x, j, f
x, j, g
x, j, h
x, j, i
x, j, j
x, j, k
x, j, l
x, j, m
x, j, n
x, j, o
x, j, p
x, j, q
x, j, r
x, j, s
x, j, t
x, j, u
x, j, v
x, j, w
x, j, x
x, j, y
x, j, z
x, j, '
x, l, a
x, l, e
x, l, i
x, l, o
x, l, s
x, l, y
x, m, e
x, m, o
x, n, a
x, n, e
x, o, b
x, o, d
x, o, e
x, o, f
x, o, h
x, o, i
x, o, k
x, o, l
x, o, m
x, o, t
x, o, u
x, o, v
x, o, w
x, o, y
x, o, z
x, o, '
x, p, a
x, p, d
x, p, e
x, p, h
x, p, i
x, p, l
x, p, r
x, p, t
x, p, u
x, p, w
x, p, y
x, q, j
x, q, u
x, q, x
x, q, z
x, r, i
x, r, o
x, r, t
x, r, u
x, r, x
x, s, a
x, s, c
x, s, h
x, s, i
x, s, k
x, s, l
x, s, o
x, s, p
x, s, t
x, s, u
x, s, w
x, t, b
x, t, d
x, t, e
x, t, g
x, t, h
x, t, l
x, t, m
x, t, n
x, t, o
x, t, p
x, t, r
x, t, s
x, t, u
x, u, a
x, u, b
x, u, c
x, u, d
x, u, l
x, u, m
x, u, n
x, u, p
x, u, s
x, u, '
x, v, a
x, v, q
x, w, a
x, w, e
x, w, i
x, w, o
x, x, j
x, x, o
x, x, '
x, y, a
x, y, b
x, y, c
x, y, d
x, y, e
x, y, f
x, y, g
x, y, h
x, y, i
x, y, n
x, y, o
x, y, q
x, y, t
x, y, u
x, y, w
x, y, '
x, ', j
x, ', q
x, ', x
x, ', z
x, ', '
y, b, a
y, b, b
y, b, d
y, b, i
y, b, n
y, b, s
y, b, u
y, b, y
y, c, a
y, c, c
y, c, e
y, c, h
y, c, k
y, c, m
y, c, n
y, c, r
y, c, s
y, c, t
y, c, u
y, c, y
y, c, '
y, d, b
y, d, d
y, d, e
y, d, g
y, d, i
y, d, l
y, d, m
y, d, n
y, d, o
y, d, t
y, d, u
y, d, y
y, d, '
y, e, b
y, e, y
y, f, f
y, f, i
y, f, l
y, f, o
y, f, r
y, f, t
y, f, u
y, f, y
y, f, z
y, g, b
y, g, h
y, g, i
y, g, m
y, g, n
y, g, r
y, g, s
y, g, u
y, g, v
y, g, y
y, g, '
y, h, e
y, h, i
y, h, m
y, h, n
y, h, o
y, h, r
y, h, t
y, h, u
y, h, y
y, h, z
y, h, '
y, i, a
y, i, f
y, i, i
y, i, o
y, i, u
y, i, v
y, i, y
y, l, b
y, l, c
y, l, d
y, l, f
y, l, g
y, l, h
y, l, m
y, l, n
y, l, o
y, l, p
y, l, r
y, l, s
y, l, t
y, l, u
y, l, v
y, l, w
y, l, x
y, l, y
y, l, '
y, m, b
y, m, e
y, m, k
y, m, l
y, m, n
y, m, r
y, m, s
y, m, t
y, m, u
y, m, w
y, m, y
y, m, '
y, n, b
y, n, c
y, n, d
y, n, f
y, n, g
y, n, h
y, n, i
y, n, j
y, n, k
y, n, l
y, n, m
y, n, n
y, n, o
y, n, p
y, n, r
y, n, s
y, n, t
y, n, u
y, n, v
y, n, w
y, n, x
y, n, y
y, n, z
y, n, '
y, o, f
y, o, q
y, o, z
y, o, '
y, p, a
y, p, h
y, p, n
y, p, p
y, p, t
y, p, w
y, p, y
y, p, '
y, q, j
y, q, x
y, q, z
y, r, c
y, r, d
y, r, f
y, r, g
y, r, h
y, r, l
y, r, m
y, r, o
y, r, p
y, r, r
y, r, t
y, r, u
y, r, v
y, r, w
y, r, y
y, s, b
y, s, c
y, s, d
y, s, f
y, s, g
y, s, i
y, s, k
y, s, m
y, s, n
y, s, p
y, s, q
y, s, r
y, s, u
y, s, v
y, s, w
y, s, y
y, s, z
y, s, '
y, t, a
y, t, e
y, t, i
y, t, l
y, t, m
y, t, r
y, t, s
y, t, u
y, t, v
y, t, w
y, t, y
y, t, '
y, u, b
y, u, d
y, u, v
y, u, y
y, v, a
y, v, i
y, v, n
y, v, q
y, v, r
y, v, u
y, v, y
y, w, a
y, w, d
y, w, e
y, w, o
y, w, y
y, y, a
y, y, c
y, y, e
y, y, i
y, y, n
y, y, o
y, y, u
y, y, '
y, ', j
y, ', q
y, ', x
y, ', z
y, ', '
z, a, e
z, a, j
z, a, '
z, b, a
z, b, c
z, b, e
z, b, i
z, b, o
z, b, u
z, d, a
z, d, e
z, d, i
z, d, o
z, d, r
z, d, u
z, d, '
z, e, v
z, e, w
z, e, y
z, e, '
z, g, a
z, g, e
z, g, h
z, g, i
z, g, l
z, g, o
z, h, b
z, h, k
z, h, n
z, h, y
z, h, '
z, i, i
z, i, q
z, i, x
z, i, '
z, k, a
z, k, e
z, k, n
z, k, o
z, k, r
z, k, u
z, k, y
z, k, '
z, l, e
z, l, i
z, l, u
z, l, y
z, m, a
z, m, c
z, m, e
z, m, i
z, m, o
z, n, e
z, n, i
z, n, k
z, n, o
z, n, y
z, o, t
z, o, x
z, o, z
z, o, '
z, p, a
z, p, i
z, p, o
z, p, u
z, p, y
z, r, a
z, r, d
z, r, e
z, r, o
z, r, u
z, s, c
z, s, k
z, s, l
z, s, p
z, s, v
z, t, a
z, t, e
z, t, h
z, t, i
z, t, l
z, t, r
z, t, '
z, u, e
z, u, w
z, x, a
z, x, b
z, x, c
z, x, d
z, x, e
z, x, f
z, x, h
z, x, i
z, x, j
z, x, l
z, x, m
z, x, n
z, x, o
z, x, p
z, x, q
z, x, r
z, x, s
z, x, t
z, x, u
z, x, v
z, x, w
z, x, x
z, x, y
z, x, '
z, y, a
z, y, c
z, y, h
z, y, i
z, y, n
z, y, p
z, y, v
z, y, w
z, y, '
z, z, a
z, z, b
z, z, e
z, z, g
z, z, i
z, z, k
z, z, l
z, z, m
z, z, o
z, z, s
z, z, u
z, z, w
z, z, x
z, z, y
z, ', j
z, ', q
z, ', x
z, ', z
z, ', '
', j, a
', j, b
', j, c
', j, d
', j, e
', j, f
', j, g
', j, h
', j, i
', j, j
', j, k
', j, l
', j, m
', j, n
', j, o
', j, p
', j, q
', j, r
', j, s
', j, t
', j, u
', j, v
', j, w
', j, x
', j, y
', j, z
', j, '
', q, a
', q, b
', q, c
', q, d
', q, e
', q, f
', q, h
', q, i
', q, j
', q, k
', q, l
', q, m
', q, n
', q, o
', q, p
', q, q
', q, r
', q, s
', q, t
', q, u
', q, v
', q, w
', q, x
', q, y
', q, z
', q, '
', x, a
', x, b
', x, c
', x, d
', x, e
', x, f
', x, h
', x, i
', x, j
', x, l
', x, m
', x, n
', x, o
', x, p
', x, q
', x, r
', x, s
', x, t
', x, u
', x, v
', x, w
', x, x
', x, y
', x, '
', z, a
', z, b
', z, d
', z, e
', z, g
', z, h
', z, i
', z, k
', z, l
', z, m
', z, n
', z, o
', z, p
', z, r
', z, s
', z, t
', z, u
', z, w
', z, x
', z, y
', z, z
', z, '
', ', j
', ', q
', ', x
', ', z
', ', '
