a, a, j
a, a, y
a, c, j
a, d, x
a, f, j
a, f, x
a, g, j
a, g, q
a, g, x
a, g, z
a, h, x
a, j, f
a, j, g
a, j, t
a, j, v
a, j, y
a, k, j
a, k, q
a, k, x
a, m, x
a, o, j
a, p, q
a, p, z
a, q, c
a, q, d
a, q, e
a, q, g
a, q, h
a, q, k
a, q, m
a, q, n
a, q, p
a, q, r
a, q, t
a, q, v
a, q, w
a, q, y
a, s, x
a, t, q
a, t, x
a, v, b
a, v, f
a, v, h
a, v, j
a, v, w
a, v, x
a, v, z
a, w, j
a, w, x
a, x, q
a, x, r
a, x, x
a, y, j
a, y, q
a, y, x
a, z, j
a, z, w
a, ', f
a, ', g
a, ', h
a, ', k
a, ', m
a, ', o
a, ', r
a, ', v
a, ', w
b, b, d
b, b, f
b, b, g
b, b, h
b, b, j
b, b, k
b, b, p
b, b, w
b, b, z
b, c, f
b, c, j
b, c, k
b, c, n
b, c, q
b, c, t
b, c, v
b, c, x
b, c, z
b, d, b
b, d, g
b, d, h
b, d, j
b, d, k
b, d, m
b, d, n
b, d, p
b, d, q
b, d, v
b, d, w
b, d, x
b, d, y
b, d, z
b, f, b
b, f, c
b, f, g
b, f, j
b, f, k
b, f, p
b, f, q
b, f, v
b, f, w
b, f, x
b, f, y
b, f, z
b, f, '
b, g, b
b, g, c
b, g, d
b, g, f
b, g, g
b, g, h
b, g, j
b, g, k
b, g, m
b, g, n
b, g, q
b, g, s
b, g, t
b, g, v
b, g, x
b, g, z
b, g, '
b, h, b
b, h, d
b, h, f
b, h, h
b, h, j
b, h, k
b, h, m
b, h, n
b, h, q
b, h, v
b, h, w
b, h, x
b, h, z
b, j, b
b, j, c
b, j, d
b, j, f
b, j, g
b, j, h
b, j, j
b, j, k
b, j, l
b, j, m
b, j, p
b, j, t
b, j, v
b, j, w
b, j, y
b, k, b
b, k, d
b, k, f
b, k, j
b, k, k
b, k, m
b, k, q
b, k, r
b, k, v
b, k, w
b, k, x
b, k, y
b, k, z
b, l, b
b, l, g
b, l, p
b, l, q
b, l, w
b, l, x
b, l, z
b, m, b
b, m, c
b, m, d
b, m, f
b, m, j
b, m, k
b, m, l
b, m, m
b, m, n
b, m, q
b, m, z
b, n, b
b, n, d
b, n, g
b, n, h
b, n, j
b, n, k
b, n, l
b, n, m
b, n, n
b, n, p
b, n, q
b, n, r
b, n, t
b, n, v
b, n, w
b, n, x
b, n, y
b, n, z
b, p, b
b, p, f
b, p, g
b, p, j
b, p, k
b, p, n
b, p, q
b, p, v
b, p, w
b, p, x
b, p, z
b, p, '
b, q, b
b, q, c
b, q, d
b, q, e
b, q, f
b, q, g
b, q, h
b, q, i
b, q, k
b, q, l
b, q, m
b, q, n
b, q, o
b, q, p
b, q, q
b, q, r
b, q, s
b, q, t
b, q, v
b, q, w
b, q, y
b, q, '
b, r, b
b, r, j
b, r, k
b, r, q
b, r, v
b, r, w
b, r, x
b, s, x
b, s, z
b, t, b
b, t, d
b, t, g
b, t, j
b, t, k
b, t, p
b, t, q
b, t, t
b, t, v
b, t, x
b, t, z
b, u, u
b, u, w
b, v, b
b, v, f
b, v, g
b, v, h
b, v, j
b, v, k
b, v, l
b, v, n
b, v, p
b, v, r
b, v, s
b, v, u
b, v, v
b, v, w
b, v, x
b, v, z
b, v, '
b, w, b
b, w, d
b, w, f
b, w, j
b, w, k
b, w, n
b, w, p
b, w, q
b, w, s
b, w, u
b, w, w
b, w, x
b, w, y
b, w, z
b, x, a
b, x, b
b, x, c
b, x, d
b, x, f
b, x, g
b, x, h
b, x, i
b, x, k
b, x, l
b, x, m
b, x, n
b, x, o
b, x, p
b, x, q
b, x, t
b, x, u
b, x, v
b, x, w
b, x, x
b, x, y
b, x, z
b, x, '
b, y, j
b, y, q
b, z, b
b, z, c
b, z, d
b, z, f
b, z, g
b, z, j
b, z, k
b, z, l
b, z, m
b, z, n
b, z, p
b, z, q
b, z, r
b, z, s
b, z, t
b, z, v
b, z, w
b, z, z
b, ', a
b, ', b
b, ', c
b, ', d
b, ', e
b, ', f
b, ', g
b, ', i
b, ', k
b, ', l
b, ', m
b, ', n
b, ', o
b, ', p
b, ', r
b, ', t
b, ', u
b, ', v
b, ', w
b, ', y
c, b, b
c, b, f
c, b, g
c, b, h
c, b, j
c, b, k
c, b, p
c, b, q
c, b, t
c, b, v
c, b, y
c, b, z
c, b, '
c, c, b
c, c, g
c, c, j
c, c, q
c, c, x
c, c, z
c, d, h
c, d, j
c, d, k
c, d, q
c, d, v
c, d, w
c, d, x
c, d, z
c, f, g
c, f, j
c, f, k
c, f, n
c, f, q
c, f, v
c, f, w
c, f, x
c, f, y
c, f, z
c, g, b
c, g, d
c, g, f
c, g, g
c, g, h
c, g, j
c, g, k
c, g, l
c, g, p
c, g, q
c, g, t
c, g, v
c, g, w
c, g, z
c, h, x
c, i, y
c, j, a
c, j, b
c, j, c
c, j, d
c, j, e
c, j, f
c, j, g
c, j, h
c, j, i
c, j, j
c, j, k
c, j, l
c, j, m
c, j, n
c, j, p
c, j, r
c, j, s
c, j, t
c, j, u
c, j, v
c, j, w
c, j, y
c, j, '
c, k, z
c, l, b
c, l, f
c, l, g
c, l, h
c, l, j
c, l, m
c, l, p
c, l, q
c, l, x
c, l, z
c, m, b
c, m, j
c, m, k
c, m, l
c, m, q
c, m, v
c, m, x
c, m, z
c, n, b
c, n, g
c, n, h
c, n, j
c, n, k
c, n, p
c, n, q
c, n, v
c, n, w
c, n, x
c, n, z
c, p, b
c, p, g
c, p, j
c, p, k
c, p, q
c, p, v
c, p, x
c, p, y
c, p, z
c, q, a
c, q, b
c, q, c
c, q, d
c, q, e
c, q, f
c, q, g
c, q, h
c, q, i
c, q, k
c, q, l
c, q, m
c, q, n
c, q, o
c, q, p
c, q, q
c, q, r
c, q, s
c, q, t
c, q, v
c, q, w
c, q, y
c, r, g
c, r, j
c, r, k
c, r, m
c, r, q
c, r, x
c, s, g
c, s, j
c, s, x
c, s, z
c, t, b
c, t, j
c, t, q
c, t, x
c, u, h
c, u, w
c, v, b
c, v, d
c, v, f
c, v, g
c, v, h
c, v, j
c, v, k
c, v, l
c, v, m
c, v, n
c, v, u
c, v, v
c, v, w
c, v, x
c, v, y
c, v, z
c, v, '
c, w, b
c, w, d
c, w, f
c, w, g
c, w, j
c, w, k
c, w, n
c, w, q
c, w, u
c, w, v
c, w, w
c, w, x
c, w, y
c, w, z
c, w, '
c, x, a
c, x, b
c, x, c
c, x, d
c, x, e
c, x, f
c, x, g
c, x, h
c, x, k
c, x, l
c, x, m
c, x, n
c, x, p
c, x, q
c, x, r
c, x, s
c, x, t
c, x, u
c, x, v
c, x, w
c, x, x
c, x, y
c, x, z
c, x, '
c, y, f
c, y, j
c, y, q
c, y, y
c, z, b
c, z, c
c, z, d
c, z, f
c, z, g
c, z, h
c, z, i
c, z, j
c, z, l
c, z, n
c, z, o
c, z, p
c, z, q
c, z, r
c, z, t
c, z, v
c, z, w
c, z, z
c, ', b
c, ', c
c, ', e
c, ', f
c, ', g
c, ', h
c, ', i
c, ', k
c, ', l
c, ', m
c, ', n
c, ', o
c, ', p
c, ', r
c, ', t
c, ', u
c, ', v
c, ', w
d, b, b
d, b, d
d, b, g
d, b, j
d, b, n
d, b, p
d, b, q
d, b, s
d, b, t
d, b, x
d, b, z
d, c, g
d, c, j
d, c, k
d, c, q
d, c, w
d, c, x
d, c, z
d, c, '
d, d, g
d, d, q
d, d, w
d, d, z
d, f, b
d, f, g
d, f, h
d, f, j
d, f, k
d, f, p
d, f, q
d, f, v
d, f, x
d, f, y
d, f, z
d, f, '
d, g, b
d, g, d
d, g, f
d, g, g
d, g, h
d, g, j
d, g, n
d, g, q
d, g, v
d, g, x
d, g, z
d, h, b
d, h, c
d, h, f
d, h, g
d, h, h
d, h, k
d, h, m
d, h, n
d, h, q
d, h, t
d, h, w
d, h, x
d, h, z
d, j, b
d, j, c
d, j, d
d, j, f
d, j, g
d, j, h
d, j, j
d, j, k
d, j, l
d, j, m
d, j, n
d, j, p
d, j, r
d, j, v
d, j, w
d, k, b
d, k, c
d, k, d
d, k, j
d, k, k
d, k, p
d, k, q
d, k, r
d, k, t
d, k, u
d, k, v
d, k, w
d, k, x
d, k, z
d, k, '
d, l, b
d, l, f
d, l, h
d, l, j
d, l, k
d, l, m
d, l, n
d, l, p
d, l, q
d, l, w
d, l, x
d, l, z
d, m, b
d, m, f
d, m, j
d, m, m
d, m, n
d, m, q
d, m, w
d, m, x
d, m, y
d, n, d
d, n, f
d, n, g
d, n, j
d, n, k
d, n, m
d, n, n
d, n, p
d, n, q
d, n, v
d, n, w
d, n, z
d, p, b
d, p, d
d, p, f
d, p, g
d, p, j
d, p, k
d, p, q
d, p, v
d, p, w
d, p, x
d, p, y
d, p, z
d, q, a
d, q, b
d, q, c
d, q, e
d, q, f
d, q, g
d, q, h
d, q, i
d, q, k
d, q, m
d, q, n
d, q, o
d, q, p
d, q, q
d, q, t
d, q, v
d, q, w
d, q, y
d, q, '
d, r, b
d, r, f
d, r, h
d, r, j
d, r, k
d, r, l
d, r, n
d, r, q
d, r, r
d, r, t
d, r, v
d, r, w
d, r, x
d, r, z
d, s, j
d, t, p
d, t, q
d, t, w
d, t, x
d, t, z
d, v, b
d, v, f
d, v, g
d, v, h
d, v, j
d, v, k
d, v, l
d, v, n
d, v, u
d, v, v
d, v, w
d, v, y
d, v, z
d, w, c
d, w, d
d, w, f
d, w, g
d, w, j
d, w, k
d, w, m
d, w, n
d, w, p
d, w, q
d, w, s
d, w, v
d, w, w
d, w, x
d, w, z
d, w, '
d, x, a
d, x, b
d, x, c
d, x, d
d, x, e
d, x, f
d, x, g
d, x, h
d, x, i
d, x, k
d, x, l
d, x, m
d, x, n
d, x, o
d, x, p
d, x, q
d, x, r
d, x, s
d, x, u
d, x, v
d, x, w
d, x, x
d, x, y
d, x, z
d, x, '
d, y, j
d, y, q
d, y, y
d, y, z
d, z, b
d, z, c
d, z, d
d, z, f
d, z, g
d, z, j
d, z, k
d, z, l
d, z, m
d, z, n
d, z, p
d, z, q
d, z, r
d, z, s
d, z, t
d, z, v
d, z, w
d, z, z
d, ', b
d, ', c
d, ', d
d, ', f
d, ', g
d, ', k
d, ', l
d, ', m
d, ', n
d, ', p
d, ', r
d, ', t
d, ', w
d, ', y
e, b, g
e, b, j
e, b, q
e, b, v
e, b, x
e, b, z
e, c, j
e, c, x
e, d, x
e, d, z
e, f, g
e, f, j
e, f, q
e, f, v
e, f, x
e, g, c
e, g, j
e, g, v
e, g, x
e, g, z
e, h, h
e, h, j
e, h, p
e, h, v
e, h, x
e, h, z
e, i, q
e, j, b
e, j, c
e, j, f
e, j, g
e, j, h
e, j, j
e, j, n
e, j, p
e, j, t
e, j, v
e, j, w
e, j, y
e, k, j
e, k, q
e, k, x
e, k, z
e, m, q
e, m, x
e, o, j
e, o, q
e, p, j
e, p, v
e, p, x
e, q, b
e, q, c
e, q, g
e, q, h
e, q, i
e, q, k
e, q, l
e, q, m
e, q, o
e, q, t
e, q, v
e, q, y
e, s, j
e, s, x
e, t, q
e, t, x
e, u, j
e, u, q
e, u, y
e, v, b
e, v, f
e, v, j
e, v, p
e, w, j
e, w, q
e, w, v
e, w, x
e, w, z
e, x, k
e, y, q
e, y, z
e, z, j
e, z, t
e, z, w
e, ', a
e, ', b
e, ', c
e, ', f
e, ', g
e, ', h
e, ', i
e, ', k
e, ', m
e, ', n
e, ', p
e, ', t
e, ', u
e, ', w
e, ', y
f, b, b
f, b, c
f, b, d
f, b, f
f, b, g
f, b, h
f, b, j
f, b, m
f, b, n
f, b, p
f, b, q
f, b, s
f, b, t
f, b, w
f, b, x
f, b, y
f, b, z
f, b, '
f, c, b
f, c, d
f, c, e
f, c, j
f, c, m
f, c, n
f, c, q
f, c, v
f, c, x
f, c, z
f, d, b
f, d, g
f, d, j
f, d, k
f, d, l
f, d, q
f, d, s
f, d, v
f, d, w
f, d, y
f, d, z
f, e, j
f, e, q
f, f, f
f, f, j
f, f, q
f, f, x
f, f, z
f, g, f
f, g, g
f, g, j
f, g, k
f, g, l
f, g, m
f, g, p
f, g, q
f, g, t
f, g, v
f, g, w
f, g, x
f, g, y
f, g, z
f, g, '
f, h, b
f, h, c
f, h, f
f, h, g
f, h, h
f, h, i
f, h, j
f, h, k
f, h, n
f, h, p
f, h, q
f, h, t
f, h, v
f, h, w
f, h, x
f, h, z
f, h, '
f, i, h
f, i, w
f, j, b
f, j, c
f, j, d
f, j, f
f, j, g
f, j, h
f, j, i
f, j, j
f, j, k
f, j, l
f, j, m
f, j, n
f, j, p
f, j, r
f, j, s
f, j, t
f, j, u
f, j, v
f, j, w
f, j, y
f, j, '
f, k, b
f, k, c
f, k, d
f, k, f
f, k, g
f, k, h
f, k, j
f, k, k
f, k, m
f, k, n
f, k, p
f, k, q
f, k, r
f, k, s
f, k, t
f, k, u
f, k, v
f, k, w
f, k, x
f, k, z
f, l, g
f, l, j
f, l, k
f, l, m
f, l, q
f, l, t
f, l, v
f, l, x
f, l, z
f, m, d
f, m, f
f, m, h
f, m, j
f, m, l
f, m, q
f, m, t
f, m, v
f, m, w
f, m, x
f, m, y
f, m, z
f, n, b
f, n, h
f, n, j
f, n, k
f, n, l
f, n, q
f, n, r
f, n, s
f, n, t
f, n, v
f, n, w
f, n, x
f, o, j
f, o, q
f, p, b
f, p, f
f, p, g
f, p, j
f, p, k
f, p, n
f, p, q
f, p, t
f, p, v
f, p, w
f, p, x
f, p, y
f, p, z
f, q, a
f, q, b
f, q, c
f, q, e
f, q, f
f, q, g
f, q, h
f, q, i
f, q, k
f, q, l
f, q, m
f, q, n
f, q, o
f, q, p
f, q, q
f, q, r
f, q, s
f, q, t
f, q, v
f, q, w
f, q, y
f, q, '
f, r, h
f, r, j
f, r, n
f, r, q
f, r, v
f, r, x
f, s, g
f, s, j
f, s, n
f, s, q
f, s, v
f, s, w
f, s, x
f, s, y
f, s, z
f, t, j
f, t, k
f, t, q
f, t, x
f, u, o
f, u, p
f, u, u
f, u, w
f, u, x
f, v, a
f, v, b
f, v, c
f, v, d
f, v, f
f, v, g
f, v, h
f, v, j
f, v, k
f, v, l
f, v, m
f, v, n
f, v, o
f, v, p
f, v, s
f, v, t
f, v, u
f, v, v
f, v, w
f, v, x
f, v, y
f, v, z
f, v, '
f, w, b
f, w, c
f, w, f
f, w, g
f, w, j
f, w, k
f, w, l
f, w, m
f, w, p
f, w, q
f, w, r
f, w, s
f, w, t
f, w, u
f, w, v
f, w, w
f, w, x
f, w, z
f, x, a
f, x, b
f, x, c
f, x, d
f, x, e
f, x, f
f, x, g
f, x, h
f, x, i
f, x, k
f, x, l
f, x, m
f, x, n
f, x, o
f, x, p
f, x, q
f, x, r
f, x, s
f, x, t
f, x, u
f, x, v
f, x, w
f, x, x
f, x, y
f, x, z
f, x, '
f, y, a
f, y, b
f, y, g
f, y, h
f, y, j
f, y, p
f, y, q
f, y, u
f, y, v
f, y, x
f, y, y
f, z, a
f, z, b
f, z, c
f, z, d
f, z, f
f, z, g
f, z, h
f, z, j
f, z, k
f, z, l
f, z, m
f, z, n
f, z, o
f, z, p
f, z, q
f, z, r
f, z, s
f, z, t
f, z, u
f, z, v
f, z, w
f, z, y
f, z, z
f, z, '
f, ', a
f, ', b
f, ', c
f, ', d
f, ', e
f, ', f
f, ', g
f, ', h
f, ', i
f, ', k
f, ', l
f, ', m
f, ', n
f, ', o
f, ', p
f, ', r
f, ', t
f, ', u
f, ', v
f, ', w
f, ', y
g, a, q
g, a, x
g, b, b
g, b, c
g, b, d
g, b, f
g, b, k
g, b, n
g, b, p
g, b, q
g, b, s
g, b, v
g, b, w
g, b, x
g, c, b
g, c, j
g, c, k
g, c, n
g, c, p
g, c, q
g, c, s
g, c, w
g, c, x
g, c, z
g, d, c
g, d, d
g, d, f
g, d, g
g, d, h
g, d, j
g, d, k
g, d, l
g, d, m
g, d, q
g, d, t
g, d, v
g, d, w
g, d, x
g, d, z
g, e, j
g, e, q
g, f, b
g, f, d
g, f, f
g, f, g
g, f, h
g, f, j
g, f, k
g, f, m
g, f, p
g, f, q
g, f, s
g, f, t
g, f, v
g, f, w
g, f, x
g, f, y
g, f, z
g, f, '
g, g, g
g, g, j
g, g, k
g, g, q
g, g, t
g, g, v
g, g, x
g, g, z
g, h, x
g, i, w
g, i, x
g, i, y
g, j, b
g, j, c
g, j, d
g, j, f
g, j, g
g, j, h
g, j, j
g, j, k
g, j, l
g, j, m
g, j, n
g, j, o
g, j, p
g, j, r
g, j, s
g, j, t
g, j, v
g, j, w
g, j, y
g, j, '
g, k, b
g, k, c
g, k, d
g, k, g
g, k, j
g, k, k
g, k, m
g, k, p
g, k, q
g, k, t
g, k, v
g, k, w
g, k, x
g, k, y
g, k, z
g, l, f
g, l, g
g, l, j
g, l, k
g, l, l
g, l, m
g, l, n
g, l, p
g, l, q
g, l, s
g, l, v
g, l, w
g, l, x
g, l, z
g, m, d
g, m, f
g, m, j
g, m, k
g, m, m
g, m, n
g, m, q
g, m, v
g, m, x
g, m, z
g, n, j
g, n, k
g, n, q
g, n, v
g, n, x
g, n, z
g, o, j
g, p, b
g, p, f
g, p, g
g, p, j
g, p, k
g, p, n
g, p, p
g, p, q
g, p, t
g, p, v
g, p, w
g, p, x
g, p, y
g, p, z
g, q, a
g, q, b
g, q, c
g, q, d
g, q, e
g, q, f
g, q, g
g, q, h
g, q, k
g, q, l
g, q, m
g, q, n
g, q, o
g, q, p
g, q, q
g, q, r
g, q, s
g, q, v
g, q, w
g, q, y
g, q, '
g, r, c
g, r, g
g, r, h
g, r, j
g, r, k
g, r, l
g, r, m
g, r, q
g, r, r
g, r, t
g, r, v
g, r, w
g, r, z
g, s, j
g, s, q
g, s, x
g, s, z
g, t, d
g, t, f
g, t, g
g, t, j
g, t, k
g, t, l
g, t, m
g, t, n
g, t, q
g, t, v
g, t, w
g, t, x
g, u, q
g, u, u
g, u, w
g, u, x
g, v, b
g, v, c
g, v, d
g, v, f
g, v, g
g, v, h
g, v, j
g, v, k
g, v, l
g, v, m
g, v, o
g, v, p
g, v, r
g, v, s
g, v, t
g, v, u
g, v, v
g, v, w
g, v, x
g, v, y
g, v, z
g, v, '
g, w, b
g, w, c
g, w, d
g, w, f
g, w, g
g, w, j
g, w, k
g, w, l
g, w, m
g, w, n
g, w, p
g, w, q
g, w, t
g, w, v
g, w, w
g, w, x
g, w, z
g, x, a
g, x, b
g, x, c
g, x, d
g, x, e
g, x, f
g, x, g
g, x, h
g, x, i
g, x, k
g, x, l
g, x, m
g, x, n
g, x, o
g, x, p
g, x, q
g, x, r
g, x, s
g, x, t
g, x, u
g, x, v
g, x, w
g, x, x
g, x, y
g, x, z
g, x, '
g, y, f
g, y, j
g, y, k
g, y, q
g, y, x
g, y, y
g, z, b
g, z, c
g, z, d
g, z, f
g, z, g
g, z, j
g, z, k
g, z, l
g, z, m
g, z, n
g, z, o
g, z, p
g, z, q
g, z, r
g, z, s
g, z, t
g, z, u
g, z, v
g, z, y
g, z, z
g, z, '
g, ', a
g, ', b
g, ', c
g, ', e
g, ', f
g, ', g
g, ', h
g, ', i
g, ', k
g, ', l
g, ', m
g, ', n
g, ', o
g, ', p
g, ', r
g, ', t
g, ', v
g, ', w
g, ', y
h, b, b
h, b, c
h, b, d
h, b, f
h, b, g
h, b, h
h, b, j
h, b, k
h, b, q
h, b, s
h, b, t
h, b, v
h, b, w
h, b, x
h, b, z
h, c, c
h, c, e
h, c, j
h, c, k
h, c, n
h, c, p
h, c, q
h, c, v
h, c, w
h, c, x
h, c, y
h, c, z
h, d, c
h, d, f
h, d, g
h, d, j
h, d, n
h, d, p
h, d, v
h, d, x
h, d, y
h, d, z
h, f, b
h, f, c
h, f, f
h, f, h
h, f, j
h, f, k
h, f, m
h, f, n
h, f, p
h, f, q
h, f, v
h, f, w
h, f, x
h, f, y
h, f, z
h, g, b
h, g, c
h, g, d
h, g, f
h, g, g
h, g, h
h, g, j
h, g, k
h, g, n
h, g, p
h, g, q
h, g, s
h, g, x
h, g, y
h, g, z
h, h, b
h, h, c
h, h, g
h, h, h
h, h, j
h, h, k
h, h, l
h, h, m
h, h, p
h, h, q
h, h, r
h, h, t
h, h, v
h, h, w
h, h, x
h, h, z
h, h, '
h, j, b
h, j, c
h, j, d
h, j, f
h, j, g
h, j, h
h, j, j
h, j, k
h, j, l
h, j, m
h, j, n
h, j, p
h, j, r
h, j, t
h, j, u
h, j, v
h, j, w
h, j, y
h, j, '
h, k, b
h, k, c
h, k, d
h, k, g
h, k, k
h, k, l
h, k, m
h, k, p
h, k, q
h, k, r
h, k, s
h, k, t
h, k, v
h, k, w
h, k, x
h, k, z
h, k, '
h, l, c
h, l, f
h, l, j
h, l, n
h, l, p
h, l, x
h, l, z
h, m, d
h, m, f
h, m, h
h, m, j
h, m, k
h, m, q
h, m, r
h, m, v
h, m, w
h, m, x
h, m, z
h, n, g
h, n, j
h, n, r
h, n, w
h, n, x
h, n, z
h, p, b
h, p, c
h, p, f
h, p, g
h, p, j
h, p, k
h, p, m
h, p, q
h, p, t
h, p, w
h, p, x
h, p, y
h, p, z
h, q, a
h, q, b
h, q, c
h, q, d
h, q, e
h, q, f
h, q, g
h, q, h
h, q, i
h, q, k
h, q, l
h, q, m
h, q, n
h, q, o
h, q, p
h, q, q
h, q, r
h, q, s
h, q, t
h, q, v
h, q, w
h, q, y
h, r, c
h, r, g
h, r, n
h, r, q
h, r, t
h, r, x
h, s, j
h, s, q
h, s, x
h, s, z
h, t, q
h, t, x
h, u, w
h, v, b
h, v, c
h, v, d
h, v, f
h, v, g
h, v, j
h, v, k
h, v, l
h, v, m
h, v, n
h, v, o
h, v, p
h, v, s
h, v, t
h, v, u
h, v, v
h, v, w
h, v, x
h, v, y
h, v, z
h, v, '
h, w, b
h, w, c
h, w, d
h, w, f
h, w, g
h, w, j
h, w, k
h, w, l
h, w, n
h, w, p
h, w, q
h, w, s
h, w, v
h, w, w
h, w, x
h, w, z
h, w, '
h, x, a
h, x, b
h, x, c
h, x, d
h, x, e
h, x, f
h, x, g
h, x, h
h, x, i
h, x, k
h, x, l
h, x, m
h, x, n
h, x, o
h, x, p
h, x, q
h, x, r
h, x, s
h, x, t
h, x, u
h, x, v
h, x, w
h, x, x
h, x, y
h, x, z
h, x, '
h, y, j
h, y, q
h, z, b
h, z, c
h, z, d
h, z, f
h, z, g
h, z, h
h, z, j
h, z, k
h, z, l
h, z, m
h, z, n
h, z, p
h, z, q
h, z, r
h, z, s
h, z, t
h, z, u
h, z, v
h, z, w
h, z, z
h, ', b
h, ', c
h, ', d
h, ', e
h, ', f
h, ', g
h, ', h
h, ', k
h, ', l
h, ', n
h, ', o
h, ', p
h, ', r
h, ', t
h, ', u
h, ', v
h, ', w
h, ', y
i, b, f
i, b, j
i, b, p
i, b, q
i, b, v
i, b, x
i, c, x
i, d, q
i, d, x
i, f, g
i, f, h
i, f, j
i, f, p
i, f, q
i, f, v
i, f, w
i, f, x
i, f, z
i, g, q
i, g, x
i, h, b
i, h, g
i, h, j
i, h, m
i, h, q
i, h, v
i, h, x
i, i, b
i, i, j
i, i, q
i, i, x
i, i, y
i, j, c
i, j, f
i, j, g
i, j, p
i, j, y
i, k, b
i, k, c
i, k, f
i, k, g
i, k, q
i, k, x
i, l, x
i, m, q
i, m, x
i, p, q
i, p, v
i, q, c
i, q, d
i, q, e
i, q, f
i, q, g
i, q, k
i, q, l
i, q, m
i, q, n
i, q, o
i, q, p
i, q, q
i, q, t
i, q, v
i, q, w
i, q, y
i, r, x
i, s, x
i, t, q
i, t, x
i, u, f
i, u, h
i, u, i
i, u, w
i, u, x
i, u, y
i, u, z
i, v, c
i, v, g
i, v, h
i, v, j
i, v, m
i, v, x
i, w, d
i, w, g
i, w, j
i, w, k
i, w, l
i, w, m
i, w, n
i, w, p
i, w, q
i, w, t
i, w, v
i, w, x
i, w, z
i, x, k
i, x, q
i, x, r
i, x, x
i, x, z
i, y, b
i, y, c
i, y, d
i, y, g
i, y, h
i, y, j
i, y, k
i, y, l
i, y, m
i, y, p
i, y, q
i, y, t
i, y, v
i, y, w
i, y, x
i, y, z
i, z, f
i, z, j
i, z, q
i, ', b
i, ', c
i, ', e
i, ', g
i, ', h
i, ', k
i, ', n
i, ', o
i, ', p
i, ', r
i, ', t
i, ', u
i, ', w
i, ', y
j, b, b
j, b, c
j, b, d
j, b, g
j, b, h
j, b, j
j, b, k
j, b, l
j, b, m
j, b, n
j, b, o
j, b, p
j, b, q
j, b, r
j, b, t
j, b, u
j, b, v
j, b, w
j, b, x
j, b, y
j, b, z
j, b, '
j, c, c
j, c, f
j, c, g
j, c, j
j, c, k
j, c, m
j, c, n
j, c, o
j, c, p
j, c, q
j, c, v
j, c, w
j, c, x
j, c, y
j, c, z
j, c, '
j, d, b
j, d, c
j, d, d
j, d, e
j, d, f
j, d, g
j, d, h
j, d, j
j, d, k
j, d, l
j, d, m
j, d, n
j, d, o
j, d, p
j, d, q
j, d, r
j, d, t
j, d, u
j, d, v
j, d, w
j, d, x
j, d, y
j, f, a
j, f, b
j, f, c
j, f, d
j, f, f
j, f, g
j, f, h
j, f, j
j, f, l
j, f, o
j, f, p
j, f, q
j, f, r
j, f, t
j, f, u
j, f, v
j, f, w
j, f, x
j, f, y
j, f, z
j, f, '
j, g, b
j, g, c
j, g, d
j, g, f
j, g, g
j, g, h
j, g, i
j, g, j
j, g, k
j, g, l
j, g, m
j, g, n
j, g, o
j, g, p
j, g, q
j, g, s
j, g, t
j, g, u
j, g, v
j, g, w
j, g, x
j, g, y
j, g, z
j, g, '
j, h, b
j, h, c
j, h, d
j, h, f
j, h, g
j, h, h
j, h, i
j, h, j
j, h, k
j, h, l
j, h, m
j, h, n
j, h, p
j, h, q
j, h, r
j, h, t
j, h, x
j, h, y
j, h, z
j, h, '
j, i, i
j, j, b
j, j, c
j, j, d
j, j, f
j, j, g
j, j, h
j, j, j
j, j, k
j, j, l
j, j, m
j, j, n
j, j, o
j, j, p
j, j, r
j, j, t
j, j, u
j, j, v
j, j, w
j, j, y
j, k, b
j, k, c
j, k, d
j, k, e
j, k, f
j, k, g
j, k, h
j, k, j
j, k, k
j, k, l
j, k, n
j, k, q
j, k, r
j, k, t
j, k, u
j, k, v
j, k, w
j, k, x
j, k, y
j, k, z
j, l, b
j, l, c
j, l, d
j, l, f
j, l, g
j, l, h
j, l, j
j, l, l
j, l, m
j, l, n
j, l, o
j, l, p
j, l, q
j, l, r
j, l, s
j, l, t
j, l, u
j, l, v
j, l, w
j, l, x
j, l, y
j, l, z
j, m, b
j, m, c
j, m, d
j, m, f
j, m, g
j, m, h
j, m, i
j, m, j
j, m, k
j, m, l
j, m, m
j, m, n
j, m, o
j, m, q
j, m, r
j, m, t
j, m, u
j, m, v
j, m, w
j, m, y
j, m, z
j, m, '
j, n, b
j, n, c
j, n, d
j, n, f
j, n, g
j, n, i
j, n, j
j, n, k
j, n, l
j, n, m
j, n, n
j, n, p
j, n, q
j, n, s
j, n, u
j, n, v
j, n, w
j, n, x
j, n, y
j, n, z
j, o, q
j, p, a
j, p, b
j, p, c
j, p, d
j, p, f
j, p, g
j, p, h
j, p, i
j, p, j
j, p, k
j, p, m
j, p, p
j, p, q
j, p, s
j, p, t
j, p, v
j, p, w
j, p, x
j, p, y
j, p, z
j, p, '
j, r, b
j, r, d
j, r, f
j, r, g
j, r, h
j, r, j
j, r, k
j, r, l
j, r, m
j, r, n
j, r, o
j, r, p
j, r, q
j, r, r
j, r, s
j, r, t
j, r, u
j, r, v
j, r, w
j, r, x
j, r, y
j, r, z
j, s, b
j, s, e
j, s, f
j, s, g
j, s, i
j, s, j
j, s, k
j, s, l
j, s, m
j, s, o
j, s, p
j, s, q
j, s, u
j, s, v
j, s, x
j, s, y
j, s, z
j, s, '
j, t, b
j, t, c
j, t, d
j, t, e
j, t, f
j, t, g
j, t, h
j, t, j
j, t, k
j, t, l
j, t, n
j, t, o
j, t, p
j, t, q
j, t, r
j, t, s
j, t, t
j, t, v
j, t, w
j, t, x
j, t, z
j, t, '
j, u, h
j, u, q
j, u, u
j, v, a
j, v, b
j, v, c
j, v, d
j, v, f
j, v, g
j, v, h
j, v, i
j, v, j
j, v, k
j, v, l
j, v, m
j, v, p
j, v, r
j, v, s
j, v, t
j, v, u
j, v, v
j, v, w
j, v, x
j, v, y
j, v, z
j, v, '
j, w, b
j, w, c
j, w, d
j, w, e
j, w, f
j, w, g
j, w, h
j, w, i
j, w, j
j, w, k
j, w, l
j, w, m
j, w, n
j, w, p
j, w, q
j, w, r
j, w, s
j, w, t
j, w, u
j, w, w
j, w, x
j, w, y
j, w, z
j, w, '
j, y, a
j, y, b
j, y, c
j, y, d
j, y, e
j, y, f
j, y, g
j, y, h
j, y, i
j, y, j
j, y, k
j, y, o
j, y, p
j, y, q
j, y, r
j, y, s
j, y, t
j, y, u
j, y, v
j, y, w
j, y, x
j, y, y
j, y, z
j, ', b
j, ', c
j, ', d
j, ', e
j, ', f
j, ', g
j, ', h
j, ', i
j, ', k
j, ', l
j, ', m
j, ', n
j, ', p
j, ', r
j, ', t
j, ', u
j, ', v
j, ', w
j, ', y
k, a, q
k, b, b
k, b, c
k, b, d
k, b, f
k, b, g
k, b, h
k, b, j
k, b, k
k, b, m
k, b, n
k, b, q
k, b, t
k, b, v
k, b, w
k, b, x
k, b, z
k, c, c
k, c, d
k, c, e
k, c, f
k, c, g
k, c, j
k, c, k
k, c, n
k, c, p
k, c, q
k, c, t
k, c, w
k, c, x
k, c, z
k, d, b
k, d, f
k, d, g
k, d, h
k, d, j
k, d, k
k, d, l
k, d, m
k, d, n
k, d, p
k, d, q
k, d, s
k, d, v
k, d, w
k, d, x
k, d, y
k, d, z
k, d, '
k, e, q
k, f, b
k, f, f
k, f, g
k, f, h
k, f, j
k, f, k
k, f, n
k, f, p
k, f, q
k, f, v
k, f, w
k, f, x
k, f, y
k, f, z
k, g, c
k, g, g
k, g, h
k, g, j
k, g, k
k, g, l
k, g, m
k, g, n
k, g, p
k, g, q
k, g, t
k, g, v
k, g, w
k, g, x
k, g, y
k, g, z
k, h, c
k, h, f
k, h, g
k, h, h
k, h, j
k, h, k
k, h, q
k, h, x
k, i, q
k, i, x
k, j, b
k, j, c
k, j, d
k, j, f
k, j, g
k, j, h
k, j, i
k, j, j
k, j, k
k, j, l
k, j, m
k, j, n
k, j, p
k, j, r
k, j, s
k, j, t
k, j, v
k, j, w
k, j, y
k, k, b
k, k, c
k, k, d
k, k, f
k, k, g
k, k, j
k, k, l
k, k, m
k, k, p
k, k, q
k, k, s
k, k, w
k, k, x
k, k, z
k, l, c
k, l, f
k, l, g
k, l, h
k, l, k
k, l, l
k, l, m
k, l, p
k, l, q
k, l, s
k, l, t
k, l, w
k, l, x
k, l, z
k, m, b
k, m, d
k, m, f
k, m, g
k, m, h
k, m, j
k, m, k
k, m, l
k, m, n
k, m, p
k, m, q
k, m, r
k, m, s
k, m, t
k, m, w
k, m, x
k, m, y
k, m, z
k, n, b
k, n, c
k, n, d
k, n, f
k, n, h
k, n, j
k, n, k
k, n, l
k, n, m
k, n, n
k, n, p
k, n, q
k, n, r
k, n, s
k, n, v
k, n, w
k, n, x
k, n, z
k, o, q
k, p, b
k, p, d
k, p, f
k, p, g
k, p, j
k, p, k
k, p, m
k, p, p
k, p, q
k, p, v
k, p, x
k, p, y
k, p, z
k, p, '
k, q, a
k, q, b
k, q, d
k, q, e
k, q, f
k, q, g
k, q, h
k, q, i
k, q, k
k, q, l
k, q, m
k, q, n
k, q, o
k, q, p
k, q, q
k, q, r
k, q, s
k, q, t
k, q, v
k, q, w
k, q, y
k, q, '
k, r, b
k, r, c
k, r, d
k, r, f
k, r, g
k, r, h
k, r, j
k, r, k
k, r, l
k, r, m
k, r, q
k, r, r
k, r, v
k, r, w
k, r, x
k, r, z
k, s, j
k, s, q
k, s, x
k, t, c
k, t, d
k, t, f
k, t, j
k, t, k
k, t, l
k, t, m
k, t, n
k, t, q
k, t, v
k, t, x
k, u, q
k, u, u
k, u, x
k, v, b
k, v, c
k, v, d
k, v, f
k, v, g
k, v, h
k, v, j
k, v, k
k, v, l
k, v, m
k, v, n
k, v, p
k, v, r
k, v, s
k, v, t
k, v, v
k, v, w
k, v, x
k, v, y
k, v, z
k, w, b
k, w, c
k, w, d
k, w, f
k, w, g
k, w, j
k, w, k
k, w, l
k, w, m
k, w, n
k, w, p
k, w, q
k, w, s
k, w, v
k, w, w
k, w, x
k, w, z
k, x, a
k, x, b
k, x, c
k, x, d
k, x, e
k, x, f
k, x, g
k, x, h
k, x, k
k, x, l
k, x, m
k, x, n
k, x, o
k, x, p
k, x, q
k, x, r
k, x, s
k, x, t
k, x, u
k, x, v
k, x, w
k, x, x
k, x, y
k, x, z
k, y, g
k, y, q
k, y, v
k, y, x
k, y, y
k, z, b
k, z, c
k, z, d
k, z, e
k, z, f
k, z, g
k, z, h
k, z, i
k, z, j
k, z, k
k, z, l
k, z, m
k, z, n
k, z, o
k, z, p
k, z, q
k, z, r
k, z, s
k, z, t
k, z, u
k, z, v
k, z, w
k, z, y
k, z, z
k, z, '
k, ', a
k, ', b
k, ', c
k, ', e
k, ', f
k, ', g
k, ', h
k, ', k
k, ', l
k, ', m
k, ', n
k, ', o
k, ', p
k, ', t
k, ', u
k, ', v
k, ', w
k, ', y
l, b, c
l, b, d
l, b, g
l, b, k
l, b, q
l, b, t
l, b, x
l, b, z
l, c, b
l, c, q
l, c, x
l, d, z
l, f, j
l, f, q
l, f, v
l, f, x
l, f, z
l, g, c
l, g, d
l, g, f
l, g, g
l, g, p
l, g, q
l, g, v
l, g, x
l, g, z
l, h, c
l, h, f
l, h, g
l, h, h
l, h, k
l, h, m
l, h, n
l, h, p
l, h, q
l, h, r
l, h, t
l, h, v
l, h, x
l, h, z
l, j, c
l, j, d
l, j, f
l, j, g
l, j, h
l, j, j
l, j, l
l, j, m
l, j, n
l, j, p
l, j, r
l, j, s
l, j, t
l, j, v
l, j, w
l, j, y
l, k, k
l, k, q
l, k, x
l, k, z
l, l, z
l, m, j
l, m, k
l, m, q
l, m, r
l, m, x
l, m, z
l, n, c
l, n, f
l, n, j
l, n, k
l, n, n
l, n, q
l, n, v
l, n, w
l, n, x
l, n, z
l, p, j
l, p, k
l, p, q
l, p, x
l, p, z
l, q, b
l, q, c
l, q, d
l, q, e
l, q, f
l, q, h
l, q, i
l, q, k
l, q, l
l, q, m
l, q, o
l, q, p
l, q, q
l, q, r
l, q, t
l, q, v
l, q, w
l, q, y
l, r, b
l, r, d
l, r, f
l, r, g
l, r, h
l, r, j
l, r, k
l, r, l
l, r, m
l, r, n
l, r, p
l, r, q
l, r, r
l, r, t
l, r, v
l, r, w
l, r, x
l, s, j
l, s, q
l, s, x
l, t, q
l, t, x
l, u, u
l, v, b
l, v, c
l, v, f
l, v, g
l, v, h
l, v, j
l, v, k
l, v, l
l, v, m
l, v, p
l, v, r
l, v, w
l, v, x
l, v, z
l, w, b
l, w, c
l, w, d
l, w, f
l, w, g
l, w, j
l, w, k
l, w, n
l, w, q
l, w, v
l, w, w
l, w, x
l, w, z
l, x, b
l, x, c
l, x, d
l, x, f
l, x, g
l, x, h
l, x, k
l, x, l
l, x, m
l, x, n
l, x, o
l, x, p
l, x, q
l, x, r
l, x, s
l, x, t
l, x, u
l, x, v
l, x, w
l, x, z
l, y, j
l, y, q
l, y, y
l, z, c
l, z, d
l, z, f
l, z, j
l, z, k
l, z, l
l, z, p
l, z, r
l, z, s
l, z, t
l, z, v
l, z, w
l, z, z
l, ', b
l, ', f
l, ', g
l, ', k
l, ', l
l, ', m
l, ', n
l, ', p
l, ', r
l, ', u
l, ', w
l, ', y
m, b, g
m, b, j
m, b, q
m, b, v
m, b, x
m, b, z
m, c, x
m, c, z
m, d, b
m, d, h
m, d, j
m, d, k
m, d, p
m, d, v
m, d, w
m, d, z
m, f, c
m, f, f
m, f, h
m, f, k
m, f, p
m, f, q
m, f, v
m, f, w
m, f, x
m, f, z
m, g, c
m, g, f
m, g, g
m, g, j
m, g, l
m, g, n
m, g, p
m, g, q
m, g, s
m, g, v
m, g, w
m, g, x
m, g, z
m, h, b
m, h, c
m, h, h
m, h, j
m, h, k
m, h, m
m, h, n
m, h, q
m, h, t
m, h, v
m, h, x
m, j, b
m, j, c
m, j, d
m, j, f
m, j, g
m, j, h
m, j, j
m, j, k
m, j, m
m, j, n
m, j, p
m, j, r
m, j, s
m, j, t
m, j, v
m, j, w
m, j, y
m, j, '
m, k, b
m, k, c
m, k, d
m, k, f
m, k, g
m, k, k
m, k, l
m, k, m
m, k, n
m, k, p
m, k, q
m, k, r
m, k, v
m, k, w
m, k, x
m, k, z
m, l, b
m, l, h
m, l, j
m, l, k
m, l, m
m, l, n
m, l, p
m, l, q
m, l, r
m, l, z
m, m, g
m, m, q
m, m, z
m, n, f
m, n, h
m, n, j
m, n, k
m, n, m
m, n, q
m, n, v
m, n, x
m, n, z
m, p, j
m, p, x
m, p, z
m, q, a
m, q, b
m, q, c
m, q, d
m, q, e
m, q, f
m, q, g
m, q, h
m, q, k
m, q, l
m, q, m
m, q, n
m, q, o
m, q, p
m, q, q
m, q, s
m, q, t
m, q, v
m, q, w
m, q, y
m, q, '
m, r, h
m, r, j
m, r, k
m, r, l
m, r, m
m, r, q
m, r, v
m, r, w
m, r, z
m, s, x
m, s, z
m, t, j
m, t, k
m, t, q
m, t, z
m, u, w
m, v, b
m, v, c
m, v, d
m, v, f
m, v, g
m, v, h
m, v, j
m, v, k
m, v, l
m, v, m
m, v, n
m, v, t
m, v, v
m, v, w
m, v, x
m, v, z
m, w, b
m, w, c
m, w, d
m, w, f
m, w, g
m, w, j
m, w, k
m, w, l
m, w, n
m, w, p
m, w, q
m, w, r
m, w, s
m, w, u
m, w, v
m, w, w
m, w, x
m, w, y
m, w, z
m, x, a
m, x, b
m, x, c
m, x, e
m, x, f
m, x, g
m, x, h
m, x, i
m, x, k
m, x, l
m, x, m
m, x, n
m, x, o
m, x, p
m, x, q
m, x, r
m, x, s
m, x, t
m, x, v
m, x, w
m, x, x
m, x, y
m, x, z
m, y, f
m, y, q
m, y, v
m, y, y
m, z, b
m, z, c
m, z, d
m, z, f
m, z, g
m, z, h
m, z, j
m, z, k
m, z, m
m, z, n
m, z, o
m, z, p
m, z, q
m, z, r
m, z, s
m, z, t
m, z, v
m, z, w
m, z, z
m, z, '
m, ', c
m, ', d
m, ', e
m, ', f
m, ', g
m, ', h
m, ', i
m, ', k
m, ', l
m, ', m
m, ', n
m, ', o
m, ', p
m, ', r
m, ', u
m, ', v
m, ', w
m, ', y
n, b, h
n, b, k
n, b, m
n, b, n
n, b, q
n, b, t
n, b, x
n, b, z
n, b, '
n, c, j
n, c, q
n, c, w
n, d, x
n, f, b
n, f, g
n, f, h
n, f, m
n, f, n
n, f, q
n, f, v
n, f, x
n, f, z
n, g, x
n, h, b
n, h, f
n, h, g
n, h, h
n, h, j
n, h, k
n, h, m
n, h, p
n, h, q
n, h, t
n, h, v
n, h, x
n, h, z
n, j, b
n, j, c
n, j, d
n, j, f
n, j, g
n, j, h
n, j, j
n, j, k
n, j, l
n, j, m
n, j, n
n, j, p
n, j, s
n, j, t
n, j, v
n, j, w
n, k, q
n, k, x
n, k, z
n, l, b
n, l, g
n, l, h
n, l, j
n, l, k
n, l, n
n, l, q
n, l, r
n, l, v
n, l, w
n, l, x
n, l, z
n, m, b
n, m, d
n, m, f
n, m, g
n, m, h
n, m, j
n, m, k
n, m, l
n, m, m
n, m, q
n, m, t
n, m, v
n, m, w
n, m, x
n, m, z
n, n, j
n, n, q
n, p, b
n, p, d
n, p, j
n, p, m
n, p, q
n, p, w
n, p, x
n, p, z
n, q, a
n, q, b
n, q, c
n, q, d
n, q, e
n, q, f
n, q, g
n, q, h
n, q, k
n, q, l
n, q, m
n, q, n
n, q, o
n, q, p
n, q, q
n, q, r
n, q, t
n, q, v
n, q, w
n, q, y
n, r, b
n, r, c
n, r, f
n, r, g
n, r, j
n, r, k
n, r, m
n, r, n
n, r, q
n, r, s
n, r, t
n, r, v
n, r, x
n, r, '
n, s, x
n, t, q
n, t, x
n, v, b
n, v, c
n, v, d
n, v, f
n, v, g
n, v, h
n, v, j
n, v, k
n, v, m
n, v, n
n, v, p
n, v, s
n, v, w
n, v, x
n, v, z
n, v, '
n, w, d
n, w, g
n, w, j
n, w, k
n, w, p
n, w, q
n, w, v
n, w, x
n, w, z
n, x, a
n, x, b
n, x, c
n, x, d
n, x, f
n, x, g
n, x, h
n, x, k
n, x, n
n, x, o
n, x, p
n, x, q
n, x, u
n, x, y
n, x, z
n, y, j
n, y, y
n, z, c
n, z, f
n, z, g
n, z, j
n, z, m
n, z, q
n, z, r
n, z, z
n, ', b
n, ', c
n, ', e
n, ', f
n, ', h
n, ', k
n, ', m
n, ', n
n, ', p
n, ', u
n, ', v
n, ', w
n, ', y
o, b, q
o, b, x
o, c, f
o, c, g
o, c, j
o, c, p
o, c, v
o, c, w
o, c, x
o, d, q
o, d, x
o, e, j
o, f, c
o, f, j
o, f, q
o, f, v
o, f, x
o, f, z
o, g, k
o, g, q
o, g, x
o, g, z
o, h, c
o, h, f
o, h, k
o, h, q
o, h, x
o, h, z
o, i, h
o, i, j
o, i, q
o, j, b
o, j, f
o, j, h
o, j, j
o, j, l
o, j, m
o, j, n
o, j, r
o, j, w
o, j, y
o, j, '
o, k, g
o, k, q
o, k, x
o, k, z
o, m, x
o, o, o
o, o, q
o, p, q
o, p, z
o, q, a
o, q, b
o, q, c
o, q, d
o, q, e
o, q, f
o, q, g
o, q, h
o, q, i
o, q, k
o, q, l
o, q, m
o, q, n
o, q, o
o, q, p
o, q, q
o, q, r
o, q, s
o, q, t
o, q, v
o, q, w
o, q, y
o, r, x
o, s, x
o, v, b
o, v, f
o, v, j
o, v, w
o, v, x
o, w, x
o, x, q
o, x, x
o, y, j
o, y, q
o, y, x
o, y, y
o, y, z
o, z, b
o, z, d
o, z, f
o, z, g
o, z, j
o, z, p
o, z, q
o, z, t
o, z, v
o, z, w
o, ', a
o, ', o
o, ', p
o, ', u
o, ', w
o, ', y
p, b, d
p, b, f
p, b, g
p, b, h
p, b, k
p, b, n
p, b, p
p, b, q
p, b, v
p, b, w
p, b, z
p, c, g
p, c, j
p, c, k
p, c, q
p, c, v
p, c, w
p, c, x
p, c, z
p, d, b
p, d, c
p, d, d
p, d, f
p, d, g
p, d, h
p, d, j
p, d, k
p, d, v
p, d, w
p, d, x
p, d, z
p, f, h
p, f, j
p, f, m
p, f, n
p, f, q
p, f, t
p, f, v
p, f, w
p, f, y
p, f, z
p, g, b
p, g, c
p, g, d
p, g, f
p, g, g
p, g, h
p, g, j
p, g, k
p, g, m
p, g, n
p, g, q
p, g, s
p, g, t
p, g, v
p, g, w
p, g, x
p, g, y
p, g, z
p, g, '
p, h, c
p, h, f
p, h, j
p, h, k
p, h, q
p, h, v
p, h, x
p, i, y
p, j, b
p, j, c
p, j, d
p, j, f
p, j, g
p, j, h
p, j, i
p, j, j
p, j, k
p, j, l
p, j, m
p, j, n
p, j, p
p, j, r
p, j, t
p, j, u
p, j, v
p, j, w
p, j, y
p, k, b
p, k, c
p, k, d
p, k, f
p, k, h
p, k, j
p, k, k
p, k, l
p, k, m
p, k, o
p, k, p
p, k, q
p, k, r
p, k, v
p, k, x
p, k, y
p, k, z
p, l, d
p, l, g
p, l, h
p, l, k
p, l, n
p, l, q
p, l, r
p, l, v
p, l, w
p, l, x
p, m, b
p, m, f
p, m, h
p, m, j
p, m, l
p, m, m
p, m, n
p, m, q
p, m, v
p, m, w
p, m, y
p, m, z
p, n, f
p, n, g
p, n, j
p, n, k
p, n, l
p, n, m
p, n, n
p, n, q
p, n, r
p, n, t
p, n, v
p, n, w
p, n, z
p, p, f
p, p, g
p, p, j
p, p, k
p, p, q
p, p, w
p, p, x
p, p, z
p, q, a
p, q, b
p, q, c
p, q, d
p, q, e
p, q, f
p, q, g
p, q, h
p, q, i
p, q, k
p, q, l
p, q, m
p, q, n
p, q, o
p, q, p
p, q, q
p, q, s
p, q, t
p, q, v
p, q, w
p, q, y
p, q, '
p, r, b
p, r, d
p, r, h
p, r, j
p, r, k
p, r, q
p, r, r
p, r, w
p, r, x
p, s, g
p, s, j
p, s, x
p, s, z
p, t, j
p, t, q
p, t, x
p, t, z
p, u, o
p, u, v
p, u, w
p, v, b
p, v, d
p, v, e
p, v, f
p, v, g
p, v, h
p, v, j
p, v, k
p, v, l
p, v, m
p, v, u
p, v, v
p, v, w
p, v, x
p, v, y
p, v, z
p, v, '
p, w, f
p, w, j
p, w, k
p, w, m
p, w, p
p, w, q
p, w, s
p, w, u
p, w, v
p, w, w
p, w, x
p, w, z
p, w, '
p, x, a
p, x, b
p, x, c
p, x, d
p, x, e
p, x, f
p, x, g
p, x, h
p, x, i
p, x, k
p, x, l
p, x, m
p, x, n
p, x, o
p, x, p
p, x, q
p, x, r
p, x, s
p, x, t
p, x, u
p, x, v
p, x, w
p, x, x
p, x, y
p, x, z
p, x, '
p, y, q
p, y, y
p, y, z
p, z, b
p, z, c
p, z, d
p, z, e
p, z, f
p, z, g
p, z, h
p, z, j
p, z, k
p, z, l
p, z, m
p, z, n
p, z, o
p, z, p
p, z, q
p, z, r
p, z, s
p, z, t
p, z, u
p, z, v
p, z, w
p, z, y
p, z, z
p, z, '
p, ', a
p, ', b
p, ', c
p, ', e
p, ', f
p, ', g
p, ', h
p, ', i
p, ', k
p, ', l
p, ', m
p, ', p
p, ', r
p, ', t
p, ', u
p, ', v
p, ', w
p, ', y
q, a, c
q, a, e
q, a, g
q, a, h
q, a, k
q, a, o
q, a, p
q, a, q
q, a, u
q, a, v
q, a, x
q, a, y
q, b, b
q, b, c
q, b, d
q, b, e
q, b, f
q, b, g
q, b, h
q, b, j
q, b, k
q, b, l
q, b, m
q, b, n
q, b, o
q, b, q
q, b, r
q, b, s
q, b, t
q, b, u
q, b, v
q, b, w
q, b, x
q, b, y
q, b, z
q, b, '
q, c, a
q, c, b
q, c, c
q, c, d
q, c, e
q, c, f
q, c, g
q, c, h
q, c, i
q, c, j
q, c, k
q, c, l
q, c, m
q, c, n
q, c, o
q, c, p
q, c, q
q, c, r
q, c, s
q, c, t
q, c, u
q, c, v
q, c, w
q, c, x
q, c, y
q, c, z
q, c, '
q, d, d
q, d, e
q, d, f
q, d, g
q, d, h
q, d, i
q, d, j
q, d, k
q, d, l
q, d, m
q, d, o
q, d, p
q, d, q
q, d, r
q, d, s
q, d, t
q, d, u
q, d, v
q, d, w
q, d, x
q, d, y
q, d, z
q, d, '
q, e, a
q, e, b
q, e, c
q, e, e
q, e, g
q, e, h
q, e, j
q, e, k
q, e, m
q, e, o
q, e, q
q, e, u
q, e, v
q, e, w
q, e, x
q, e, y
q, e, z
q, e, '
q, f, a
q, f, b
q, f, d
q, f, e
q, f, f
q, f, g
q, f, h
q, f, i
q, f, j
q, f, k
q, f, l
q, f, m
q, f, n
q, f, o
q, f, p
q, f, q
q, f, r
q, f, t
q, f, u
q, f, v
q, f, w
q, f, x
q, f, y
q, f, z
q, f, '
q, g, a
q, g, b
q, g, c
q, g, d
q, g, e
q, g, f
q, g, g
q, g, h
q, g, i
q, g, j
q, g, k
q, g, l
q, g, m
q, g, n
q, g, o
q, g, p
q, g, q
q, g, r
q, g, t
q, g, u
q, g, v
q, g, w
q, g, x
q, g, z
q, g, '
q, h, a
q, h, b
q, h, c
q, h, d
q, h, e
q, h, f
q, h, g
q, h, h
q, h, i
q, h, j
q, h, k
q, h, l
q, h, m
q, h, n
q, h, o
q, h, p
q, h, q
q, h, r
q, h, s
q, h, t
q, h, u
q, h, v
q, h, w
q, h, x
q, h, y
q, h, z
q, h, '
q, i, e
q, i, f
q, i, i
q, i, j
q, i, k
q, i, o
q, i, p
q, i, u
q, i, w
q, i, x
q, i, z
q, k, a
q, k, b
q, k, c
q, k, d
q, k, e
q, k, f
q, k, g
q, k, h
q, k, i
q, k, j
q, k, k
q, k, l
q, k, m
q, k, n
q, k, o
q, k, p
q, k, q
q, k, r
q, k, s
q, k, u
q, k, v
q, k, w
q, k, x
q, k, y
q, k, z
q, k, '
q, l, a
q, l, b
q, l, c
q, l, e
q, l, f
q, l, g
q, l, h
q, l, j
q, l, k
q, l, l
q, l, m
q, l, n
q, l, o
q, l, p
q, l, q
q, l, r
q, l, s
q, l, t
q, l, u
q, l, v
q, l, w
q, l, x
q, l, y
q, l, z
q, l, '
q, m, a
q, m, b
q, m, d
q, m, e
q, m, g
q, m, h
q, m, i
q, m, j
q, m, k
q, m, l
q, m, m
q, m, n
q, m, o
q, m, q
q, m, r
q, m, t
q, m, u
q, m, v
q, m, w
q, m, x
q, m, y
q, m, z
q, m, '
q, n, b
q, n, c
q, n, d
q, n, e
q, n, f
q, n, g
q, n, h
q, n, i
q, n, j
q, n, k
q, n, l
q, n, m
q, n, n
q, n, o
q, n, q
q, n, r
q, n, t
q, n, u
q, n, v
q, n, w
q, n, x
q, n, y
q, n, z
q, n, '
q, o, a
q, o, b
q, o, c
q, o, d
q, o, e
q, o, f
q, o, g
q, o, i
q, o, j
q, o, k
q, o, l
q, o, o
q, o, q
q, o, s
q, o, t
q, o, u
q, o, v
q, o, w
q, o, x
q, o, y
q, o, z
q, o, '
q, p, a
q, p, b
q, p, c
q, p, d
q, p, e
q, p, f
q, p, g
q, p, h
q, p, i
q, p, j
q, p, k
q, p, l
q, p, m
q, p, n
q, p, o
q, p, p
q, p, q
q, p, r
q, p, s
q, p, u
q, p, v
q, p, w
q, p, x
q, p, y
q, p, z
q, p, '
q, q, b
q, q, c
q, q, d
q, q, e
q, q, f
q, q, g
q, q, h
q, q, i
q, q, k
q, q, l
q, q, m
q, q, n
q, q, o
q, q, p
q, q, q
q, q, r
q, q, s
q, q, t
q, q, w
q, q, y
q, q, '
q, r, b
q, r, d
q, r, e
q, r, f
q, r, g
q, r, h
q, r, i
q, r, j
q, r, k
q, r, l
q, r, m
q, r, n
q, r, o
q, r, p
q, r, q
q, r, r
q, r, u
q, r, v
q, r, w
q, r, x
q, r, y
q, r, z
q, r, '
q, s, a
q, s, b
q, s, c
q, s, d
q, s, e
q, s, f
q, s, g
q, s, i
q, s, j
q, s, k
q, s, n
q, s, o
q, s, q
q, s, r
q, s, u
q, s, v
q, s, w
q, s, x
q, s, z
q, s, '
q, t, b
q, t, e
q, t, f
q, t, g
q, t, h
q, t, j
q, t, k
q, t, l
q, t, m
q, t, n
q, t, p
q, t, q
q, t, t
q, t, u
q, t, v
q, t, w
q, t, x
q, t, z
q, t, '
q, u, c
q, u, f
q, u, g
q, u, j
q, u, k
q, u, p
q, u, w
q, u, x
q, u, z
q, v, a
q, v, b
q, v, c
q, v, d
q, v, e
q, v, f
q, v, g
q, v, h
q, v, i
q, v, j
q, v, k
q, v, l
q, v, m
q, v, n
q, v, o
q, v, p
q, v, r
q, v, s
q, v, t
q, v, u
q, v, v
q, v, w
q, v, x
q, v, y
q, v, z
q, v, '
q, w, a
q, w, b
q, w, c
q, w, d
q, w, f
q, w, g
q, w, h
q, w, i
q, w, j
q, w, k
q, w, m
q, w, n
q, w, o
q, w, p
q, w, q
q, w, r
q, w, s
q, w, t
q, w, u
q, w, v
q, w, w
q, w, x
q, w, y
q, w, z
q, w, '
q, y, a
q, y, b
q, y, c
q, y, d
q, y, e
q, y, f
q, y, g
q, y, h
q, y, i
q, y, j
q, y, k
q, y, l
q, y, m
q, y, n
q, y, o
q, y, p
q, y, q
q, y, r
q, y, s
q, y, t
q, y, u
q, y, v
q, y, w
q, y, x
q, y, y
q, y, z
q, ', a
q, ', b
q, ', c
q, ', d
q, ', e
q, ', f
q, ', g
q, ', h
q, ', i
q, ', k
q, ', l
q, ', m
q, ', n
q, ', o
q, ', p
q, ', r
q, ', t
q, ', u
q, ', v
q, ', w
q, ', y
r, b, f
r, b, g
r, b, j
r, b, p
r, b, q
r, b, v
r, b, x
r, b, z
r, c, j
r, c, w
r, c, x
r, d, j
r, d, q
r, f, k
r, f, x
r, g, c
r, g, j
r, g, v
r, g, x
r, g, z
r, h, d
r, h, f
r, h, h
r, h, j
r, h, k
r, h, p
r, h, q
r, h, r
r, h, t
r, h, v
r, h, x
r, h, z
r, j, b
r, j, d
r, j, f
r, j, g
r, j, h
r, j, j
r, j, k
r, j, l
r, j, m
r, j, n
r, j, p
r, j, r
r, j, s
r, j, t
r, j, v
r, j, w
r, k, j
r, k, q
r, k, x
r, k, z
r, l, j
r, l, n
r, l, q
r, l, r
r, l, x
r, l, z
r, m, j
r, m, q
r, m, x
r, m, z
r, n, q
r, n, x
r, p, d
r, p, f
r, p, j
r, p, k
r, p, q
r, p, x
r, p, z
r, q, b
r, q, c
r, q, d
r, q, e
r, q, f
r, q, g
r, q, h
r, q, i
r, q, k
r, q, l
r, q, m
r, q, n
r, q, o
r, q, p
r, q, q
r, q, r
r, q, t
r, q, v
r, q, w
r, q, y
r, q, '
r, r, j
r, r, p
r, r, q
r, r, x
r, r, z
r, s, j
r, s, x
r, t, x
r, v, b
r, v, c
r, v, d
r, v, f
r, v, g
r, v, h
r, v, j
r, v, m
r, v, n
r, v, p
r, v, r
r, v, t
r, v, v
r, v, w
r, v, x
r, v, z
r, w, b
r, w, f
r, w, g
r, w, j
r, w, k
r, w, l
r, w, n
r, w, p
r, w, q
r, w, s
r, w, v
r, w, x
r, w, z
r, w, '
r, x, b
r, x, c
r, x, d
r, x, f
r, x, g
r, x, h
r, x, k
r, x, l
r, x, m
r, x, n
r, x, o
r, x, p
r, x, q
r, x, r
r, x, t
r, x, u
r, x, v
r, x, w
r, x, x
r, x, z
r, y, q
r, y, y
r, z, d
r, z, j
r, z, m
r, z, p
r, z, q
r, z, s
r, z, v
r, z, z
r, ', b
r, ', c
r, ', d
r, ', f
r, ', g
r, ', h
r, ', i
r, ', k
r, ', l
r, ', m
r, ', o
r, ', p
r, ', r
r, ', t
r, ', u
r, ', v
r, ', y
s, b, d
s, b, f
s, b, g
s, b, k
s, b, p
s, b, q
s, b, t
s, b, v
s, b, x
s, b, z
s, c, j
s, c, v
s, c, w
s, c, z
s, d, g
s, d, j
s, d, k
s, d, q
s, d, w
s, d, x
s, d, z
s, f, b
s, f, g
s, f, h
s, f, j
s, f, k
s, f, p
s, f, q
s, f, v
s, f, w
s, f, x
s, g, c
s, g, f
s, g, g
s, g, j
s, g, k
s, g, q
s, g, v
s, g, w
s, g, x
s, g, z
s, h, x
s, j, b
s, j, c
s, j, f
s, j, g
s, j, h
s, j, j
s, j, k
s, j, m
s, j, n
s, j, p
s, j, r
s, j, s
s, j, t
s, j, v
s, j, w
s, j, y
s, k, p
s, k, q
s, k, x
s, k, z
s, l, g
s, l, h
s, l, j
s, l, k
s, l, v
s, l, w
s, l, x
s, l, z
s, m, f
s, m, j
s, m, k
s, m, q
s, m, v
s, m, w
s, m, x
s, m, z
s, n, b
s, n, d
s, n, f
s, n, h
s, n, j
s, n, k
s, n, l
s, n, n
s, n, q
s, n, v
s, n, w
s, n, x
s, n, z
s, p, j
s, p, k
s, p, v
s, p, w
s, p, x
s, p, z
s, q, b
s, q, e
s, q, f
s, q, g
s, q, h
s, q, i
s, q, k
s, q, m
s, q, n
s, q, o
s, q, p
s, q, s
s, q, t
s, q, v
s, q, w
s, q, y
s, r, j
s, r, k
s, r, l
s, r, q
s, r, r
s, r, v
s, r, w
s, r, x
s, r, z
s, s, q
s, s, z
s, t, q
s, v, b
s, v, d
s, v, f
s, v, h
s, v, j
s, v, k
s, v, l
s, v, m
s, v, t
s, v, w
s, v, x
s, v, y
s, v, z
s, w, h
s, w, j
s, w, k
s, w, n
s, w, p
s, w, q
s, w, v
s, w, w
s, w, x
s, w, z
s, x, b
s, x, c
s, x, d
s, x, e
s, x, f
s, x, g
s, x, h
s, x, i
s, x, k
s, x, l
s, x, m
s, x, n
s, x, o
s, x, p
s, x, q
s, x, r
s, x, t
s, x, u
s, x, v
s, x, w
s, x, x
s, x, y
s, x, z
s, x, '
s, y, j
s, y, q
s, y, x
s, y, y
s, z, b
s, z, d
s, z, f
s, z, g
s, z, h
s, z, j
s, z, m
s, z, n
s, z, p
s, z, q
s, z, s
s, z, u
s, z, v
s, z, w
s, z, z
s, ', a
s, ', b
s, ', d
s, ', e
s, ', f
s, ', g
s, ', i
s, ', k
s, ', o
s, ', p
s, ', r
s, ', u
s, ', v
s, ', w
s, ', y
t, b, c
t, b, g
t, b, h
t, b, j
t, b, k
t, b, m
t, b, n
t, b, p
t, b, q
t, b, t
t, b, v
t, b, w
t, b, x
t, b, z
t, c, f
t, c, j
t, c, q
t, c, v
t, c, x
t, d, b
t, d, f
t, d, g
t, d, h
t, d, j
t, d, k
t, d, n
t, d, p
t, d, q
t, d, v
t, d, x
t, d, z
t, f, b
t, f, g
t, f, h
t, f, j
t, f, k
t, f, q
t, f, v
t, f, w
t, f, y
t, f, z
t, f, '
t, g, b
t, g, d
t, g, f
t, g, g
t, g, h
t, g, j
t, g, k
t, g, m
t, g, p
t, g, q
t, g, s
t, g, t
t, g, x
t, g, y
t, g, z
t, g, '
t, h, z
t, j, b
t, j, d
t, j, f
t, j, h
t, j, j
t, j, k
t, j, l
t, j, m
t, j, n
t, j, p
t, j, r
t, j, s
t, j, t
t, j, v
t, j, w
t, j, y
t, j, '
t, k, b
t, k, c
t, k, d
t, k, f
t, k, g
t, k, h
t, k, j
t, k, k
t, k, l
t, k, m
t, k, p
t, k, q
t, k, r
t, k, t
t, k, v
t, k, w
t, k, x
t, k, z
t, k, '
t, l, d
t, l, f
t, l, h
t, l, j
t, l, k
t, l, q
t, l, w
t, l, x
t, l, z
t, m, b
t, m, c
t, m, d
t, m, g
t, m, k
t, m, n
t, m, q
t, m, t
t, m, w
t, m, x
t, m, z
t, n, f
t, n, h
t, n, j
t, n, k
t, n, m
t, n, q
t, n, s
t, n, v
t, n, w
t, n, x
t, n, y
t, n, z
t, p, b
t, p, g
t, p, j
t, p, p
t, p, q
t, p, v
t, p, w
t, p, x
t, p, z
t, q, a
t, q, b
t, q, d
t, q, e
t, q, f
t, q, h
t, q, i
t, q, k
t, q, l
t, q, n
t, q, o
t, q, p
t, q, q
t, q, r
t, q, s
t, q, t
t, q, v
t, q, w
t, q, y
t, q, '
t, r, b
t, r, d
t, r, g
t, r, j
t, r, k
t, r, q
t, r, v
t, r, x
t, s, g
t, s, x
t, s, z
t, t, q
t, t, x
t, v, b
t, v, c
t, v, d
t, v, f
t, v, g
t, v, h
t, v, j
t, v, k
t, v, l
t, v, m
t, v, n
t, v, p
t, v, u
t, v, v
t, v, w
t, v, x
t, v, z
t, w, b
t, w, c
t, w, d
t, w, f
t, w, j
t, w, k
t, w, l
t, w, n
t, w, q
t, w, s
t, w, v
t, w, z
t, w, '
t, x, a
t, x, b
t, x, c
t, x, d
t, x, e
t, x, f
t, x, g
t, x, h
t, x, k
t, x, l
t, x, m
t, x, n
t, x, o
t, x, p
t, x, q
t, x, r
t, x, s
t, x, u
t, x, v
t, x, w
t, x, x
t, x, z
t, x, '
t, y, j
t, z, j
t, z, q
t, z, z
t, ', b
t, ', c
t, ', e
t, ', f
t, ', g
t, ', h
t, ', i
t, ', k
t, ', m
t, ', n
t, ', p
t, ', t
t, ', u
t, ', w
t, ', y
u, b, x
u, c, f
u, c, g
u, c, j
u, c, m
u, c, v
u, c, w
u, c, x
u, d, k
u, d, q
u, d, x
u, e, k
u, e, q
u, f, d
u, f, h
u, f, j
u, f, p
u, f, q
u, f, v
u, f, w
u, f, x
u, f, z
u, g, j
u, g, q
u, g, v
u, g, x
u, h, b
u, h, c
u, h, g
u, h, h
u, h, j
u, h, k
u, h, p
u, h, v
u, h, x
u, h, z
u, i, w
u, j, b
u, j, c
u, j, f
u, j, g
u, j, h
u, j, k
u, j, l
u, j, m
u, j, n
u, j, v
u, j, w
u, j, '
u, k, f
u, k, g
u, k, j
u, k, n
u, k, q
u, k, x
u, k, z
u, m, x
u, m, z
u, o, e
u, o, j
u, p, x
u, p, z
u, q, b
u, q, c
u, q, d
u, q, e
u, q, f
u, q, g
u, q, h
u, q, i
u, q, k
u, q, l
u, q, m
u, q, n
u, q, o
u, q, p
u, q, q
u, q, r
u, q, t
u, q, v
u, q, w
u, q, y
u, r, x
u, s, x
u, t, x
u, u, e
u, u, f
u, u, h
u, u, j
u, u, k
u, u, o
u, u, p
u, u, q
u, u, u
u, u, v
u, u, w
u, u, x
u, u, y
u, u, z
u, v, c
u, v, d
u, v, f
u, v, g
u, v, h
u, v, j
u, v, k
u, v, m
u, v, p
u, v, t
u, v, w
u, v, x
u, v, z
u, w, d
u, w, g
u, w, h
u, w, j
u, w, k
u, w, m
u, w, n
u, w, p
u, w, q
u, w, r
u, w, u
u, w, v
u, w, x
u, w, y
u, w, z
u, x, c
u, x, d
u, x, k
u, x, n
u, x, p
u, x, q
u, x, x
u, x, z
u, y, c
u, y, j
u, y, q
u, y, x
u, y, y
u, y, z
u, z, g
u, z, k
u, z, p
u, z, q
u, z, r
u, z, s
u, z, t
u, ', b
u, ', c
u, ', f
u, ', g
u, ', h
u, ', i
u, ', k
u, ', n
u, ', o
u, ', p
u, ', t
u, ', u
u, ', y
v, b, a
v, b, b
v, b, c
v, b, d
v, b, e
v, b, f
v, b, g
v, b, h
v, b, i
v, b, j
v, b, k
v, b, l
v, b, m
v, b, n
v, b, o
v, b, p
v, b, q
v, b, r
v, b, s
v, b, t
v, b, u
v, b, v
v, b, w
v, b, x
v, b, y
v, b, z
v, b, '
v, c, a
v, c, b
v, c, d
v, c, f
v, c, g
v, c, j
v, c, k
v, c, n
v, c, o
v, c, p
v, c, q
v, c, t
v, c, v
v, c, w
v, c, x
v, c, y
v, c, z
v, d, b
v, d, d
v, d, g
v, d, h
v, d, j
v, d, k
v, d, l
v, d, n
v, d, q
v, d, r
v, d, v
v, d, w
v, d, x
v, d, y
v, d, z
v, f, a
v, f, b
v, f, c
v, f, d
v, f, f
v, f, g
v, f, h
v, f, i
v, f, j
v, f, k
v, f, l
v, f, m
v, f, n
v, f, p
v, f, q
v, f, t
v, f, u
v, f, v
v, f, x
v, f, z
v, f, '
v, g, b
v, g, c
v, g, d
v, g, e
v, g, g
v, g, j
v, g, k
v, g, l
v, g, m
v, g, n
v, g, p
v, g, q
v, g, t
v, g, u
v, g, v
v, g, w
v, g, x
v, g, y
v, g, z
v, g, '
v, h, b
v, h, c
v, h, e
v, h, g
v, h, h
v, h, i
v, h, j
v, h, k
v, h, l
v, h, m
v, h, n
v, h, p
v, h, q
v, h, r
v, h, s
v, h, t
v, h, u
v, h, v
v, h, w
v, h, x
v, h, y
v, h, z
v, h, '
v, i, w
v, j, a
v, j, b
v, j, c
v, j, d
v, j, e
v, j, f
v, j, g
v, j, h
v, j, i
v, j, j
v, j, k
v, j, l
v, j, m
v, j, n
v, j, o
v, j, p
v, j, r
v, j, s
v, j, t
v, j, u
v, j, v
v, j, w
v, j, y
v, j, '
v, k, b
v, k, c
v, k, d
v, k, e
v, k, f
v, k, g
v, k, j
v, k, k
v, k, l
v, k, m
v, k, n
v, k, p
v, k, q
v, k, r
v, k, s
v, k, u
v, k, v
v, k, w
v, k, x
v, k, y
v, k, z
v, k, '
v, l, c
v, l, g
v, l, h
v, l, j
v, l, k
v, l, m
v, l, n
v, l, p
v, l, q
v, l, r
v, l, v
v, l, w
v, l, x
v, l, z
v, m, b
v, m, f
v, m, g
v, m, h
v, m, j
v, m, k
v, m, l
v, m, m
v, m, n
v, m, p
v, m, q
v, m, u
v, m, v
v, m, w
v, m, x
v, m, y
v, m, z
v, m, '
v, n, b
v, n, d
v, n, g
v, n, h
v, n, j
v, n, k
v, n, m
v, n, n
v, n, p
v, n, q
v, n, r
v, n, t
v, n, u
v, n, v
v, n, w
v, n, x
v, n, y
v, n, z
v, p, b
v, p, c
v, p, d
v, p, e
v, p, g
v, p, h
v, p, j
v, p, k
v, p, l
v, p, m
v, p, n
v, p, o
v, p, p
v, p, q
v, p, s
v, p, t
v, p, u
v, p, v
v, p, w
v, p, x
v, p, y
v, p, z
v, r, d
v, r, f
v, r, g
v, r, h
v, r, j
v, r, k
v, r, l
v, r, n
v, r, p
v, r, q
v, r, r
v, r, t
v, r, v
v, r, w
v, r, x
v, r, z
v, s, d
v, s, f
v, s, g
v, s, i
v, s, j
v, s, m
v, s, q
v, s, r
v, s, u
v, s, y
v, s, z
v, t, b
v, t, d
v, t, f
v, t, g
v, t, h
v, t, j
v, t, k
v, t, l
v, t, m
v, t, n
v, t, q
v, t, t
v, t, v
v, t, x
v, t, y
v, t, '
v, u, a
v, u, f
v, u, h
v, u, j
v, u, k
v, u, q
v, u, u
v, u, w
v, u, x
v, u, y
v, v, b
v, v, c
v, v, d
v, v, f
v, v, g
v, v, h
v, v, j
v, v, k
v, v, m
v, v, n
v, v, p
v, v, r
v, v, t
v, v, u
v, v, v
v, v, w
v, v, x
v, v, z
v, v, '
v, w, a
v, w, b
v, w, c
v, w, d
v, w, e
v, w, f
v, w, g
v, w, h
v, w, i
v, w, j
v, w, k
v, w, l
v, w, m
v, w, n
v, w, o
v, w, p
v, w, q
v, w, r
v, w, t
v, w, u
v, w, v
v, w, w
v, w, x
v, w, y
v, w, z
v, w, '
v, x, a
v, x, b
v, x, c
v, x, d
v, x, e
v, x, f
v, x, g
v, x, h
v, x, k
v, x, l
v, x, m
v, x, n
v, x, o
v, x, p
v, x, q
v, x, r
v, x, s
v, x, t
v, x, u
v, x, v
v, x, w
v, x, x
v, x, y
v, x, z
v, x, '
v, y, g
v, y, j
v, y, m
v, y, o
v, y, p
v, y, q
v, y, x
v, z, a
v, z, b
v, z, c
v, z, d
v, z, e
v, z, f
v, z, g
v, z, i
v, z, j
v, z, k
v, z, l
v, z, m
v, z, p
v, z, q
v, z, r
v, z, s
v, z, t
v, z, v
v, z, w
v, z, y
v, z, z
v, z, '
v, ', a
v, ', b
v, ', c
v, ', d
v, ', e
v, ', f
v, ', g
v, ', h
v, ', i
v, ', k
v, ', l
v, ', m
v, ', o
v, ', p
v, ', r
v, ', t
v, ', u
v, ', v
v, ', w
v, ', y
w, b, b
w, b, d
w, b, f
w, b, g
w, b, h
w, b, j
w, b, k
w, b, m
w, b, p
w, b, q
w, b, t
w, b, v
w, b, x
w, b, z
w, c, b
w, c, c
w, c, d
w, c, f
w, c, g
w, c, j
w, c, k
w, c, m
w, c, n
w, c, q
w, c, v
w, c, w
w, c, x
w, c, '
w, d, b
w, d, d
w, d, h
w, d, j
w, d, m
w, d, p
w, d, q
w, d, v
w, d, x
w, d, z
w, e, q
w, f, b
w, f, c
w, f, d
w, f, g
w, f, h
w, f, j
w, f, k
w, f, m
w, f, q
w, f, v
w, f, w
w, f, x
w, f, y
w, f, z
w, g, b
w, g, c
w, g, d
w, g, f
w, g, g
w, g, j
w, g, k
w, g, m
w, g, n
w, g, p
w, g, q
w, g, t
w, g, v
w, g, w
w, g, x
w, g, y
w, g, z
w, g, '
w, h, c
w, h, d
w, h, g
w, h, h
w, h, j
w, h, k
w, h, l
w, h, p
w, h, q
w, h, t
w, h, v
w, h, w
w, h, x
w, h, z
w, i, q
w, i, u
w, j, a
w, j, b
w, j, d
w, j, e
w, j, f
w, j, g
w, j, h
w, j, i
w, j, j
w, j, k
w, j, l
w, j, m
w, j, n
w, j, p
w, j, r
w, j, s
w, j, t
w, j, v
w, j, w
w, j, y
w, j, '
w, k, c
w, k, d
w, k, f
w, k, g
w, k, j
w, k, k
w, k, o
w, k, p
w, k, q
w, k, t
w, k, u
w, k, v
w, k, x
w, k, z
w, l, h
w, l, j
w, l, q
w, l, v
w, l, x
w, l, z
w, m, f
w, m, g
w, m, h
w, m, j
w, m, k
w, m, l
w, m, n
w, m, q
w, m, t
w, m, v
w, m, w
w, m, x
w, m, y
w, m, z
w, n, j
w, n, k
w, n, q
w, n, x
w, o, q
w, p, d
w, p, f
w, p, g
w, p, j
w, p, k
w, p, n
w, p, p
w, p, q
w, p, t
w, p, v
w, p, w
w, p, x
w, p, z
w, q, a
w, q, b
w, q, c
w, q, d
w, q, e
w, q, f
w, q, g
w, q, h
w, q, i
w, q, k
w, q, l
w, q, m
w, q, n
w, q, o
w, q, p
w, q, q
w, q, r
w, q, s
w, q, t
w, q, v
w, q, w
w, q, y
w, q, '
w, r, b
w, r, c
w, r, f
w, r, g
w, r, h
w, r, j
w, r, k
w, r, l
w, r, m
w, r, p
w, r, q
w, r, r
w, r, w
w, r, x
w, s, q
w, s, x
w, s, z
w, t, b
w, t, d
w, t, g
w, t, j
w, t, l
w, t, m
w, t, n
w, t, p
w, t, q
w, t, t
w, t, v
w, t, x
w, u, a
w, u, b
w, u, i
w, u, j
w, u, k
w, u, o
w, u, q
w, u, u
w, u, v
w, u, x
w, u, y
w, v, b
w, v, c
w, v, d
w, v, f
w, v, g
w, v, h
w, v, j
w, v, k
w, v, l
w, v, m
w, v, n
w, v, o
w, v, p
w, v, r
w, v, t
w, v, u
w, v, v
w, v, w
w, v, x
w, v, y
w, v, z
w, v, '
w, w, b
w, w, c
w, w, d
w, w, g
w, w, j
w, w, k
w, w, l
w, w, n
w, w, p
w, w, q
w, w, s
w, w, t
w, w, u
w, w, v
w, w, x
w, w, y
w, w, z
w, x, a
w, x, b
w, x, c
w, x, d
w, x, e
w, x, f
w, x, g
w, x, h
w, x, i
w, x, k
w, x, l
w, x, m
w, x, n
w, x, o
w, x, p
w, x, q
w, x, r
w, x, s
w, x, t
w, x, u
w, x, v
w, x, w
w, x, x
w, x, y
w, x, z
w, x, '
w, y, i
w, y, j
w, y, q
w, y, u
w, y, w
w, y, x
w, y, y
w, z, b
w, z, c
w, z, d
w, z, f
w, z, g
w, z, h
w, z, j
w, z, k
w, z, m
w, z, n
w, z, o
w, z, p
w, z, q
w, z, r
w, z, s
w, z, t
w, z, u
w, z, v
w, z, w
w, z, z
w, z, '
w, ', a
w, ', b
w, ', c
w, ', e
w, ', f
w, ', g
w, ', h
w, ', i
w, ', k
w, ', l
w, ', m
w, ', n
w, ', o
w, ', p
w, ', t
w, ', u
w, ', v
w, ', w
w, ', y
x, a, a
x, a, j
x, a, q
x, a, w
x, a, y
x, b, b
x, b, c
x, b, d
x, b, f
x, b, g
x, b, h
x, b, j
x, b, k
x, b, m
x, b, n
x, b, p
x, b, q
x, b, s
x, b, v
x, b, w
x, b, x
x, b, z
x, b, '
x, c, b
x, c, c
x, c, d
x, c, g
x, c, j
x, c, k
x, c, m
x, c, n
x, c, p
x, c, q
x, c, s
x, c, v
x, c, w
x, c, x
x, c, z
x, d, b
x, d, c
x, d, d
x, d, f
x, d, g
x, d, h
x, d, j
x, d, k
x, d, l
x, d, n
x, d, p
x, d, q
x, d, s
x, d, t
x, d, v
x, d, w
x, d, x
x, d, y
x, d, z
x, d, '
x, e, f
x, e, j
x, e, k
x, e, w
x, e, x
x, e, z
x, f, b
x, f, c
x, f, d
x, f, f
x, f, g
x, f, h
x, f, j
x, f, k
x, f, m
x, f, n
x, f, p
x, f, q
x, f, r
x, f, s
x, f, t
x, f, v
x, f, w
x, f, x
x, f, y
x, f, z
x, f, '
x, g, b
x, g, c
x, g, d
x, g, e
x, g, f
x, g, g
x, g, h
x, g, j
x, g, k
x, g, m
x, g, n
x, g, p
x, g, q
x, g, s
x, g, t
x, g, v
x, g, w
x, g, x
x, g, y
x, g, z
x, g, '
x, h, c
x, h, d
x, h, f
x, h, g
x, h, h
x, h, j
x, h, k
x, h, m
x, h, n
x, h, p
x, h, q
x, h, r
x, h, s
x, h, t
x, h, v
x, h, w
x, h, x
x, h, y
x, h, z
x, h, '
x, i, j
x, i, k
x, i, q
x, i, y
x, k, a
x, k, b
x, k, c
x, k, d
x, k, f
x, k, g
x, k, h
x, k, j
x, k, k
x, k, l
x, k, m
x, k, n
x, k, o
x, k, p
x, k, q
x, k, r
x, k, s
x, k, t
x, k, u
x, k, v
x, k, w
x, k, x
x, k, y
x, k, z
x, k, '
x, l, b
x, l, c
x, l, d
x, l, f
x, l, g
x, l, h
x, l, j
x, l, k
x, l, l
x, l, m
x, l, n
x, l, p
x, l, q
x, l, r
x, l, t
x, l, u
x, l, v
x, l, w
x, l, x
x, l, z
x, m, b
x, m, c
x, m, d
x, m, f
x, m, g
x, m, h
x, m, j
x, m, k
x, m, n
x, m, p
x, m, q
x, m, r
x, m, u
x, m, v
x, m, w
x, m, x
x, m, y
x, m, z
x, m, '
x, n, b
x, n, c
x, n, d
x, n, f
x, n, g
x, n, h
x, n, i
x, n, j
x, n, k
x, n, l
x, n, m
x, n, n
x, n, o
x, n, p
x, n, q
x, n, r
x, n, u
x, n, v
x, n, w
x, n, x
x, n, y
x, n, z
x, n, '
x, o, j
x, o, o
x, o, q
x, o, x
x, p, b
x, p, c
x, p, f
x, p, j
x, p, k
x, p, m
x, p, n
x, p, p
x, p, q
x, p, s
x, p, v
x, p, x
x, p, z
x, p, '
x, q, a
x, q, b
x, q, c
x, q, d
x, q, e
x, q, f
x, q, g
x, q, h
x, q, i
x, q, k
x, q, l
x, q, m
x, q, n
x, q, o
x, q, p
x, q, q
x, q, r
x, q, s
x, q, t
x, q, v
x, q, w
x, q, y
x, q, '
x, r, b
x, r, c
x, r, d
x, r, f
x, r, g
x, r, h
x, r, j
x, r, k
x, r, l
x, r, n
x, r, p
x, r, q
x, r, r
x, r, s
x, r, v
x, r, w
x, r, x
x, r, y
x, r, z
x, r, '
x, s, b
x, s, d
x, s, f
x, s, g
x, s, j
x, s, m
x, s, n
x, s, q
x, s, r
x, s, s
x, s, v
x, s, x
x, s, y
x, s, z
x, s, '
x, t, f
x, t, j
x, t, k
x, t, q
x, t, t
x, t, v
x, t, w
x, t, x
x, t, z
x, u, e
x, u, f
x, u, g
x, u, h
x, u, j
x, u, k
x, u, q
x, u, u
x, u, w
x, u, x
x, u, y
x, v, b
x, v, c
x, v, d
x, v, e
x, v, f
x, v, g
x, v, h
x, v, j
x, v, k
x, v, l
x, v, m
x, v, n
x, v, o
x, v, p
x, v, r
x, v, s
x, v, t
x, v, u
x, v, v
x, v, w
x, v, x
x, v, y
x, v, z
x, v, '
x, w, b
x, w, c
x, w, d
x, w, f
x, w, g
x, w, h
x, w, j
x, w, k
x, w, l
x, w, m
x, w, n
x, w, p
x, w, q
x, w, r
x, w, t
x, w, u
x, w, v
x, w, w
x, w, x
x, w, y
x, w, z
x, w, '
x, x, a
x, x, b
x, x, c
x, x, d
x, x, e
x, x, f
x, x, g
x, x, h
x, x, k
x, x, m
x, x, n
x, x, p
x, x, q
x, x, r
x, x, s
x, x, t
x, x, u
x, x, w
x, x, y
x, x, z
x, y, j
x, y, v
x, y, x
x, y, y
x, z, a
x, z, b
x, z, c
x, z, d
x, z, f
x, z, g
x, z, h
x, z, j
x, z, k
x, z, l
x, z, m
x, z, n
x, z, p
x, z, q
x, z, r
x, z, s
x, z, t
x, z, u
x, z, v
x, z, w
x, z, y
x, z, z
x, z, '
x, ', a
x, ', b
x, ', c
x, ', d
x, ', e
x, ', f
x, ', g
x, ', h
x, ', k
x, ', l
x, ', m
x, ', n
x, ', o
x, ', p
x, ', r
x, ', t
x, ', u
x, ', v
x, ', w
x, ', y
y, b, c
y, b, f
y, b, g
y, b, h
y, b, j
y, b, k
y, b, m
y, b, p
y, b, q
y, b, t
y, b, v
y, b, w
y, b, x
y, b, z
y, c, b
y, c, d
y, c, f
y, c, g
y, c, j
y, c, p
y, c, q
y, c, s
y, c, v
y, c, w
y, c, x
y, c, z
y, d, c
y, d, f
y, d, h
y, d, j
y, d, k
y, d, p
y, d, q
y, d, v
y, d, w
y, d, x
y, d, z
y, e, j
y, e, q
y, f, b
y, f, c
y, f, d
y, f, g
y, f, h
y, f, j
y, f, m
y, f, p
y, f, q
y, f, s
y, f, v
y, f, w
y, f, x
y, g, c
y, g, f
y, g, j
y, g, k
y, g, p
y, g, q
y, g, t
y, g, w
y, g, x
y, g, z
y, h, b
y, h, c
y, h, d
y, h, f
y, h, g
y, h, h
y, h, j
y, h, k
y, h, l
y, h, m
y, h, p
y, h, q
y, h, s
y, h, x
y, h, '
y, i, h
y, i, j
y, i, q
y, i, w
y, i, x
y, j, b
y, j, c
y, j, d
y, j, e
y, j, f
y, j, g
y, j, h
y, j, j
y, j, k
y, j, l
y, j, m
y, j, n
y, j, p
y, j, r
y, j, s
y, j, t
y, j, u
y, j, v
y, j, w
y, j, y
y, j, '
y, k, b
y, k, c
y, k, d
y, k, f
y, k, g
y, k, k
y, k, m
y, k, p
y, k, q
y, k, v
y, k, w
y, k, x
y, k, z
y, l, j
y, l, z
y, m, d
y, m, f
y, m, g
y, m, j
y, m, q
y, m, v
y, m, x
y, m, z
y, n, q
y, p, b
y, p, c
y, p, d
y, p, f
y, p, g
y, p, j
y, p, k
y, p, m
y, p, q
y, p, x
y, p, z
y, q, a
y, q, b
y, q, c
y, q, d
y, q, e
y, q, f
y, q, g
y, q, h
y, q, i
y, q, k
y, q, l
y, q, m
y, q, n
y, q, o
y, q, p
y, q, q
y, q, r
y, q, s
y, q, t
y, q, v
y, q, w
y, q, y
y, q, '
y, r, j
y, r, k
y, r, q
y, r, x
y, r, z
y, s, j
y, s, x
y, t, b
y, t, c
y, t, f
y, t, g
y, t, j
y, t, k
y, t, n
y, t, p
y, t, q
y, t, x
y, t, z
y, u, o
y, u, w
y, u, x
y, v, b
y, v, c
y, v, d
y, v, f
y, v, g
y, v, h
y, v, j
y, v, l
y, v, m
y, v, p
y, v, s
y, v, t
y, v, v
y, v, w
y, v, x
y, v, z
y, v, '
y, w, b
y, w, f
y, w, g
y, w, j
y, w, k
y, w, l
y, w, m
y, w, n
y, w, p
y, w, q
y, w, s
y, w, t
y, w, u
y, w, v
y, w, w
y, w, x
y, w, z
y, w, '
y, x, b
y, x, c
y, x, d
y, x, f
y, x, g
y, x, h
y, x, k
y, x, l
y, x, m
y, x, n
y, x, p
y, x, q
y, x, r
y, x, s
y, x, t
y, x, u
y, x, v
y, x, w
y, x, x
y, x, z
y, y, b
y, y, d
y, y, f
y, y, g
y, y, h
y, y, j
y, y, k
y, y, l
y, y, m
y, y, p
y, y, q
y, y, r
y, y, s
y, y, t
y, y, v
y, y, w
y, y, x
y, y, y
y, y, z
y, z, b
y, z, c
y, z, d
y, z, f
y, z, h
y, z, j
y, z, k
y, z, l
y, z, m
y, z, n
y, z, p
y, z, q
y, z, t
y, z, v
y, z, w
y, ', b
y, ', c
y, ', e
y, ', f
y, ', g
y, ', h
y, ', i
y, ', k
y, ', m
y, ', n
y, ', o
y, ', p
y, ', t
y, ', u
y, ', w
y, ', y
z, a, o
z, b, d
z, b, f
z, b, g
z, b, h
z, b, j
z, b, k
z, b, l
z, b, m
z, b, n
z, b, p
z, b, q
z, b, s
z, b, t
z, b, v
z, b, w
z, b, x
z, b, y
z, b, z
z, b, '
z, c, b
z, c, c
z, c, d
z, c, f
z, c, g
z, c, i
z, c, j
z, c, m
z, c, p
z, c, q
z, c, r
z, c, s
z, c, t
z, c, v
z, c, w
z, c, x
z, c, y
z, d, b
z, d, c
z, d, d
z, d, f
z, d, g
z, d, h
z, d, j
z, d, k
z, d, l
z, d, m
z, d, n
z, d, p
z, d, q
z, d, s
z, d, t
z, d, v
z, d, w
z, d, x
z, d, y
z, d, z
z, e, j
z, f, a
z, f, b
z, f, c
z, f, d
z, f, f
z, f, g
z, f, h
z, f, i
z, f, j
z, f, k
z, f, m
z, f, n
z, f, o
z, f, p
z, f, q
z, f, r
z, f, s
z, f, t
z, f, v
z, f, w
z, f, x
z, f, y
z, f, z
z, f, '
z, g, b
z, g, c
z, g, d
z, g, f
z, g, g
z, g, j
z, g, k
z, g, l
z, g, m
z, g, n
z, g, p
z, g, q
z, g, r
z, g, t
z, g, u
z, g, v
z, g, w
z, g, x
z, g, y
z, g, z
z, g, '
z, h, c
z, h, f
z, h, g
z, h, h
z, h, j
z, h, l
z, h, p
z, h, q
z, h, r
z, h, s
z, h, t
z, h, v
z, h, w
z, h, x
z, h, z
z, i, j
z, i, y
z, j, a
z, j, b
z, j, c
z, j, d
z, j, e
z, j, f
z, j, g
z, j, h
z, j, j
z, j, k
z, j, l
z, j, m
z, j, n
z, j, o
z, j, p
z, j, r
z, j, s
z, j, t
z, j, u
z, j, v
z, j, w
z, j, y
z, j, '
z, k, b
z, k, c
z, k, d
z, k, f
z, k, g
z, k, h
z, k, j
z, k, k
z, k, l
z, k, m
z, k, p
z, k, q
z, k, s
z, k, t
z, k, v
z, k, w
z, k, x
z, k, z
z, l, b
z, l, c
z, l, d
z, l, f
z, l, g
z, l, h
z, l, j
z, l, k
z, l, l
z, l, m
z, l, n
z, l, p
z, l, q
z, l, r
z, l, s
z, l, t
z, l, v
z, l, w
z, l, x
z, l, z
z, m, b
z, m, d
z, m, f
z, m, g
z, m, h
z, m, j
z, m, k
z, m, l
z, m, m
z, m, n
z, m, p
z, m, q
z, m, s
z, m, t
z, m, v
z, m, w
z, m, x
z, m, y
z, m, z
z, m, '
z, n, b
z, n, c
z, n, d
z, n, f
z, n, g
z, n, h
z, n, j
z, n, k
z, n, l
z, n, m
z, n, n
z, n, p
z, n, q
z, n, r
z, n, s
z, n, t
z, n, u
z, n, v
z, n, w
z, n, x
z, n, z
z, o, j
z, p, b
z, p, c
z, p, d
z, p, e
z, p, f
z, p, h
z, p, j
z, p, k
z, p, l
z, p, m
z, p, n
z, p, p
z, p, q
z, p, s
z, p, t
z, p, v
z, p, w
z, p, x
z, p, z
z, p, '
z, q, a
z, q, b
z, q, c
z, q, d
z, q, e
z, q, f
z, q, g
z, q, h
z, q, i
z, q, k
z, q, l
z, q, m
z, q, n
z, q, o
z, q, p
z, q, q
z, q, r
z, q, s
z, q, t
z, q, v
z, q, w
z, q, y
z, q, '
z, r, b
z, r, c
z, r, f
z, r, g
z, r, h
z, r, j
z, r, k
z, r, l
z, r, m
z, r, n
z, r, p
z, r, q
z, r, r
z, r, s
z, r, t
z, r, v
z, r, w
z, r, x
z, r, y
z, r, z
z, s, b
z, s, d
z, s, e
z, s, f
z, s, g
z, s, h
z, s, j
z, s, m
z, s, n
z, s, q
z, s, r
z, s, s
z, s, u
z, s, w
z, s, x
z, s, y
z, s, z
z, s, '
z, t, b
z, t, c
z, t, d
z, t, f
z, t, g
z, t, j
z, t, k
z, t, m
z, t, n
z, t, p
z, t, q
z, t, s
z, t, t
z, t, u
z, t, v
z, t, w
z, t, x
z, t, y
z, t, z
z, u, a
z, u, h
z, u, j
z, u, q
z, u, v
z, u, x
z, u, y
z, v, b
z, v, c
z, v, d
z, v, f
z, v, g
z, v, h
z, v, j
z, v, k
z, v, l
z, v, m
z, v, n
z, v, p
z, v, r
z, v, s
z, v, t
z, v, u
z, v, v
z, v, w
z, v, x
z, v, y
z, v, z
z, v, '
z, w, b
z, w, c
z, w, d
z, w, f
z, w, g
z, w, h
z, w, j
z, w, k
z, w, l
z, w, m
z, w, n
z, w, p
z, w, q
z, w, r
z, w, s
z, w, t
z, w, u
z, w, v
z, w, w
z, w, x
z, w, y
z, w, z
z, w, '
z, y, e
z, y, j
z, y, o
z, y, q
z, y, x
z, y, y
z, z, d
z, z, h
z, z, j
z, z, n
z, z, p
z, z, q
z, z, r
z, z, v
z, ', a
z, ', b
z, ', c
z, ', e
z, ', f
z, ', g
z, ', h
z, ', i
z, ', k
z, ', l
z, ', m
z, ', n
z, ', o
z, ', p
z, ', r
z, ', t
z, ', u
z, ', v
z, ', w
z, ', y
', a, a
', a, b
', a, f
', a, g
', a, i
', a, j
', a, k
', a, o
', a, p
', a, w
', a, x
', a, y
', a, z
', b, b
', b, c
', b, d
', b, e
', b, f
', b, g
', b, h
', b, i
', b, j
', b, k
', b, l
', b, m
', b, n
', b, p
', b, q
', b, s
', b, t
', b, u
', b, v
', b, w
', b, x
', b, y
', b, z
', b, '
', c, b
', c, c
', c, d
', c, e
', c, f
', c, g
', c, i
', c, j
', c, k
', c, m
', c, n
', c, p
', c, q
', c, r
', c, s
', c, t
', c, u
', c, v
', c, w
', c, x
', c, y
', c, z
', d, b
', d, c
', d, d
', d, f
', d, g
', d, h
', d, i
', d, k
', d, l
', d, m
', d, n
', d, p
', d, q
', d, s
', d, t
', d, u
', d, v
', d, x
', d, y
', d, z
', d, '
', e, b
', e, c
', e, d
', e, e
', e, f
', e, g
', e, h
', e, i
', e, j
', e, k
', e, l
', e, m
', e, o
', e, p
', e, q
', e, u
', e, v
', e, x
', e, y
', e, '
', f, b
', f, c
', f, d
', f, e
', f, f
', f, g
', f, h
', f, j
', f, k
', f, m
', f, n
', f, o
', f, p
', f, q
', f, r
', f, s
', f, t
', f, u
', f, v
', f, w
', f, x
', f, y
', f, z
', f, '
', g, b
', g, c
', g, d
', g, e
', g, f
', g, g
', g, h
', g, i
', g, j
', g, k
', g, l
', g, m
', g, n
', g, p
', g, q
', g, s
', g, t
', g, u
', g, v
', g, w
', g, x
', g, y
', g, z
', g, '
', h, b
', h, c
', h, d
', h, f
', h, g
', h, h
', h, j
', h, k
', h, l
', h, m
', h, n
', h, p
', h, q
', h, r
', h, s
', h, t
', h, u
', h, v
', h, w
', h, x
', h, y
', h, z
', h, '
', i, a
', i, b
', i, c
', i, d
', i, e
', i, f
', i, h
', i, i
', i, j
', i, k
', i, l
', i, o
', i, p
', i, q
', i, r
', i, s
', i, u
', i, v
', i, w
', i, x
', i, y
', k, a
', k, b
', k, c
', k, d
', k, f
', k, g
', k, h
', k, i
', k, j
', k, k
', k, l
', k, m
', k, n
', k, o
', k, p
', k, q
', k, r
', k, s
', k, t
', k, u
', k, v
', k, w
', k, x
', k, y
', k, z
', k, '
', l, a
', l, b
', l, c
', l, d
', l, f
', l, g
', l, h
', l, j
', l, m
', l, n
', l, o
', l, p
', l, q
', l, r
', l, s
', l, t
', l, u
', l, v
', l, w
', l, x
', l, y
', l, z
', m, b
', m, c
', m, d
', m, f
', m, g
', m, h
', m, j
', m, k
', m, l
', m, m
', m, n
', m, o
', m, p
', m, q
', m, r
', m, s
', m, t
', m, v
', m, w
', m, x
', m, y
', m, z
', m, '
', n, a
', n, b
', n, c
', n, d
', n, f
', n, g
', n, h
', n, i
', n, j
', n, k
', n, l
', n, m
', n, n
', n, p
', n, q
', n, r
', n, u
', n, v
', n, w
', n, x
', n, y
', n, z
', o, a
', o, b
', o, c
', o, d
', o, f
', o, g
', o, h
', o, i
', o, j
', o, k
', o, m
', o, n
', o, o
', o, p
', o, q
', o, s
', o, v
', o, w
', o, x
', o, y
', o, z
', o, '
', p, a
', p, b
', p, c
', p, d
', p, f
', p, g
', p, h
', p, i
', p, j
', p, k
', p, l
', p, m
', p, n
', p, o
', p, p
', p, q
', p, r
', p, s
', p, t
', p, u
', p, v
', p, w
', p, x
', p, y
', p, z
', r, a
', r, b
', r, c
', r, d
', r, f
', r, g
', r, h
', r, j
', r, k
', r, l
', r, m
', r, n
', r, p
', r, q
', r, r
', r, s
', r, t
', r, u
', r, v
', r, w
', r, x
', r, y
', r, z
', r, '
', s, a
', s, c
', s, d
', s, f
', s, g
', s, j
', s, k
', s, n
', s, o
', s, p
', s, q
', s, r
', s, s
', s, t
', s, v
', s, w
', s, x
', s, y
', s, z
', t, b
', t, c
', t, d
', t, f
', t, g
', t, i
', t, j
', t, k
', t, l
', t, m
', t, n
', t, p
', t, q
', t, t
', t, u
', t, v
', t, w
', t, x
', t, y
', t, z
', t, '
', u, a
', u, b
', u, c
', u, d
', u, e
', u, f
', u, g
', u, h
', u, i
', u, j
', u, k
', u, m
', u, o
', u, p
', u, q
', u, s
', u, t
', u, u
', u, v
', u, w
', u, x
', u, y
', u, z
', u, '
', v, a
', v, b
', v, c
', v, d
', v, f
', v, g
', v, h
', v, i
', v, j
', v, k
', v, l
', v, m
', v, n
', v, p
', v, r
', v, s
', v, t
', v, u
', v, v
', v, w
', v, x
', v, y
', v, z
', v, '
', w, a
', w, b
', w, c
', w, d
', w, f
', w, g
', w, h
', w, i
', w, j
', w, k
', w, l
', w, m
', w, n
', w, o
', w, p
', w, q
', w, r
', w, s
', w, t
', w, u
', w, v
', w, w
', w, x
', w, y
', w, z
', w, '
', y, a
', y, b
', y, c
', y, d
', y, e
', y, f
', y, g
', y, h
', y, j
', y, k
', y, l
', y, m
', y, n
', y, o
', y, p
', y, q
', y, r
', y, s
', y, t
', y, u
', y, v
', y, w
', y, x
', y, y
', y, z
', y, '
