a, a, l
a, a, m
a, a, n
a, a, r
a, a, s
a, b, h
a, b, l
a, b, u
a, b, x
a, b, y
a, c, j
a, c, l
a, c, x
a, c, y
a, d, h
a, d, w
a, d, x
a, d, y
a, e, a
a, e, c
a, e, d
a, e, g
a, e, i
a, e, l
a, e, m
a, e, n
a, e, o
a, e, t
a, e, u
a, e, v
a, f, a
a, f, e
a, f, i
a, f, l
a, f, o
a, f, q
a, f, x
a, g, h
a, g, i
a, g, l
a, g, n
a, g, q
a, g, u
a, g, x
a, g, y
a, h, a
a, h, e
a, h, i
a, h, o
a, h, u
a, h, x
a, h, y
a, i, a
a, i, c
a, i, d
a, i, g
a, i, m
a, i, n
a, i, o
a, i, p
a, i, s
a, i, t
a, i, v
a, k, a
a, k, e
a, k, h
a, k, i
a, k, l
a, k, o
a, k, r
a, k, u
a, k, x
a, k, y
a, k, z
a, l, x
a, l, y
a, m, q
a, m, s
a, m, u
a, m, x
a, n, u
a, n, y
a, p, l
a, p, n
a, p, q
a, p, r
a, p, s
a, p, t
a, p, u
a, p, x
a, p, y
a, p, z
a, q, j
a, q, x
a, q, z
a, r, h
a, r, u
a, r, x
a, r, y
a, s, a
a, s, e
a, s, i
a, s, k
a, s, l
a, s, m
a, s, n
a, s, o
a, s, q
a, s, u
a, s, x
a, s, y
a, t, e
a, t, i
a, t, q
a, t, s
a, t, u
a, t, w
a, t, x
a, t, y
a, u, l
a, u, m
a, u, n
a, u, p
a, v, b
a, v, j
a, v, q
a, v, u
a, v, w
a, v, x
a, w, a
a, w, e
a, w, i
a, w, o
a, w, q
a, w, r
a, w, x
a, w, y
a, x, a
a, x, e
a, x, i
a, x, j
a, x, y
a, y, a
a, y, e
a, y, i
a, y, o
a, y, u
a, z, a
a, z, e
a, z, i
a, z, u
a, z, x
a, z, y
b, a, a
b, a, e
b, a, f
b, a, m
b, a, p
b, a, v
b, a, w
b, a, x
b, a, z
b, e, b
b, e, i
b, e, o
b, e, p
b, e, q
b, e, u
b, e, v
b, e, x
b, e, y
b, h, a
b, h, e
b, h, i
b, h, o
b, h, u
b, h, x
b, i, v
b, l, x
b, l, y
b, o, c
b, o, e
b, o, f
b, o, i
b, o, k
b, o, p
b, o, v
b, o, x
b, o, z
b, r, x
b, s, a
b, s, c
b, s, e
b, s, h
b, s, i
b, s, k
b, s, l
b, s, m
b, s, o
b, s, p
b, s, t
b, s, u
b, s, x
b, s, y
b, u, p
b, x, a
b, x, e
b, x, i
b, x, j
b, x, y
b, y, a
b, y, e
b, y, i
b, y, o
c, a, a
c, a, f
c, a, g
c, a, h
c, a, k
c, a, w
c, a, y
c, a, z
c, e, a
c, e, b
c, e, c
c, e, d
c, e, f
c, e, g
c, e, i
c, e, m
c, e, o
c, e, t
c, e, u
c, e, v
c, e, y
c, h, x
c, i, a
c, i, b
c, i, d
c, i, g
c, i, l
c, i, m
c, i, o
c, i, p
c, i, v
c, j, a
c, j, e
c, j, i
c, j, o
c, j, q
c, j, u
c, j, x
c, j, z
c, l, x
c, l, y
c, o, k
c, o, x
c, o, z
c, r, x
c, x, a
c, x, e
c, x, i
c, x, j
c, x, y
c, y, e
c, y, o
d, a, b
d, a, d
d, a, e
d, a, f
d, a, h
d, a, k
d, a, p
d, a, w
d, a, x
d, a, z
d, e, q
d, e, y
d, h, a
d, h, e
d, h, i
d, h, o
d, h, u
d, h, x
d, i, b
d, o, a
d, o, b
d, o, e
d, o, f
d, o, i
d, o, k
d, o, p
d, o, v
d, o, x
d, o, z
d, r, x
d, u, t
d, w, a
d, w, e
d, w, i
d, w, o
d, w, q
d, w, r
d, w, x
d, w, y
d, x, a
d, x, e
d, x, i
d, x, j
d, x, y
d, y, a
d, y, e
d, y, i
d, y, o
e, a, b
e, a, c
e, a, d
e, a, e
e, a, f
e, a, g
e, a, h
e, a, k
e, a, l
e, a, m
e, a, n
e, a, p
e, a, t
e, a, u
e, a, v
e, a, w
e, a, z
e, b, a
e, b, e
e, b, i
e, b, l
e, b, o
e, b, r
e, b, s
e, b, u
e, b, x
e, c, a
e, c, e
e, c, i
e, c, j
e, c, l
e, c, r
e, c, u
e, c, x
e, c, y
e, d, a
e, d, e
e, d, h
e, d, o
e, d, r
e, d, u
e, d, w
e, d, x
e, d, y
e, f, a
e, f, e
e, f, i
e, f, l
e, f, o
e, f, q
e, f, r
e, f, u
e, f, x
e, g, a
e, g, e
e, g, h
e, g, i
e, g, l
e, g, n
e, g, o
e, g, q
e, g, r
e, g, u
e, g, x
e, g, y
e, i, a
e, i, b
e, i, c
e, i, d
e, i, g
e, i, l
e, i, m
e, i, n
e, i, o
e, i, p
e, i, r
e, i, s
e, i, t
e, i, v
e, l, x
e, l, y
e, m, o
e, m, q
e, m, s
e, m, u
e, m, x
e, m, y
e, n, e
e, n, i
e, n, o
e, n, u
e, n, y
e, o, a
e, o, b
e, o, c
e, o, d
e, o, e
e, o, f
e, o, g
e, o, i
e, o, l
e, o, m
e, o, n
e, o, p
e, o, r
e, o, s
e, o, t
e, o, u
e, o, x
e, p, a
e, p, e
e, p, l
e, p, o
e, p, q
e, p, r
e, p, s
e, p, t
e, p, u
e, p, x
e, p, y
e, p, z
e, q, j
e, q, x
e, q, z
e, r, h
e, r, u
e, r, x
e, s, a
e, s, e
e, s, h
e, s, i
e, s, k
e, s, l
e, s, m
e, s, n
e, s, o
e, s, q
e, s, u
e, s, w
e, s, x
e, s, y
e, t, a
e, t, e
e, t, i
e, t, o
e, t, q
e, t, r
e, t, s
e, t, u
e, t, w
e, t, x
e, t, y
e, u, l
e, u, m
e, u, n
e, u, s
e, v, b
e, v, j
e, v, o
e, v, q
e, v, u
e, v, w
e, v, x
e, x, j
e, x, y
e, y, a
e, y, i
e, y, o
f, a, d
f, a, e
f, a, f
f, a, g
f, a, h
f, a, k
f, a, p
f, a, q
f, a, w
f, a, x
f, a, y
f, a, z
f, e, b
f, e, c
f, e, f
f, e, g
f, e, i
f, e, o
f, e, p
f, e, u
f, e, v
f, e, x
f, e, y
f, i, a
f, i, m
f, i, o
f, i, p
f, i, v
f, l, x
f, o, a
f, o, b
f, o, c
f, o, d
f, o, e
f, o, i
f, o, m
f, o, p
f, o, t
f, o, v
f, o, w
f, o, x
f, q, j
f, q, u
f, q, x
f, q, z
f, r, x
f, r, y
f, x, a
f, x, e
f, x, i
f, x, j
f, x, y
g, a, a
g, a, c
g, a, e
g, a, f
g, a, g
g, a, h
g, a, k
g, a, p
g, a, v
g, a, w
g, a, y
g, e, a
g, e, b
g, e, c
g, e, d
g, e, f
g, e, g
g, e, i
g, e, p
g, e, t
g, e, u
g, e, v
g, e, y
g, h, a
g, h, e
g, h, i
g, h, o
g, h, u
g, h, x
g, h, y
g, i, a
g, i, c
g, i, d
g, i, m
g, i, o
g, i, p
g, i, s
g, i, t
g, i, v
g, l, x
g, n, e
g, n, i
g, n, o
g, n, u
g, n, y
g, o, c
g, o, e
g, o, f
g, o, g
g, o, i
g, o, p
g, o, v
g, o, w
g, o, z
g, q, j
g, q, u
g, q, x
g, q, z
g, r, x
g, r, y
g, u, p
g, x, a
g, x, e
g, x, i
g, x, j
g, x, y
g, y, a
g, y, e
g, y, i
h, a, a
h, a, f
h, a, h
h, a, k
h, a, q
h, a, x
h, e, f
h, e, g
h, e, o
h, e, q
h, e, u
h, e, v
h, e, y
h, i, a
h, i, b
h, i, c
h, i, d
h, i, m
h, i, o
h, i, v
h, o, c
h, o, d
h, o, e
h, o, f
h, o, i
h, o, k
h, o, v
h, o, x
h, o, z
h, u, l
h, u, p
h, u, t
h, x, a
h, x, e
h, x, i
h, x, j
h, x, y
h, y, e
h, y, i
h, y, o
h, y, u
i, a, b
i, a, c
i, a, d
i, a, e
i, a, g
i, a, h
i, a, k
i, a, l
i, a, m
i, a, n
i, a, p
i, a, r
i, a, s
i, a, t
i, a, u
i, a, z
i, b, a
i, b, e
i, b, i
i, b, l
i, b, o
i, b, r
i, b, s
i, b, u
i, b, x
i, c, a
i, c, i
i, c, j
i, c, l
i, c, r
i, c, u
i, c, x
i, c, y
i, d, a
i, d, r
i, d, u
i, d, w
i, d, x
i, d, y
i, g, a
i, g, e
i, g, h
i, g, i
i, g, l
i, g, o
i, g, q
i, g, r
i, g, u
i, g, x
i, l, a
i, l, e
i, l, i
i, l, o
i, l, u
i, l, x
i, l, y
i, m, e
i, m, i
i, m, o
i, m, q
i, m, s
i, m, u
i, m, x
i, m, y
i, n, u
i, n, y
i, o, a
i, o, b
i, o, c
i, o, e
i, o, f
i, o, g
i, o, i
i, o, l
i, o, m
i, o, p
i, o, r
i, o, s
i, o, t
i, o, u
i, o, v
i, o, x
i, p, a
i, p, e
i, p, h
i, p, i
i, p, l
i, p, n
i, p, o
i, p, q
i, p, r
i, p, s
i, p, t
i, p, u
i, p, x
i, p, y
i, p, z
i, r, a
i, r, e
i, r, u
i, r, x
i, r, y
i, s, c
i, s, e
i, s, h
i, s, i
i, s, k
i, s, m
i, s, n
i, s, p
i, s, q
i, s, t
i, s, u
i, s, w
i, s, x
i, s, y
i, t, e
i, t, h
i, t, i
i, t, o
i, t, q
i, t, r
i, t, s
i, t, u
i, t, w
i, t, x
i, t, y
i, v, a
i, v, b
i, v, e
i, v, i
i, v, j
i, v, o
i, v, q
i, v, u
i, v, w
i, v, x
j, a, a
j, a, b
j, a, d
j, a, e
j, a, f
j, a, h
j, a, i
j, a, k
j, a, l
j, a, q
j, a, s
j, a, t
j, a, u
j, a, v
j, a, w
j, a, x
j, a, y
j, a, z
j, e, a
j, e, b
j, e, c
j, e, d
j, e, f
j, e, g
j, e, i
j, e, l
j, e, m
j, e, o
j, e, p
j, e, q
j, e, u
j, e, v
j, e, x
j, e, y
j, i, a
j, i, b
j, i, c
j, i, d
j, i, g
j, i, l
j, i, m
j, i, o
j, i, p
j, i, r
j, i, s
j, i, t
j, i, v
j, o, a
j, o, b
j, o, d
j, o, e
j, o, f
j, o, g
j, o, i
j, o, k
j, o, m
j, o, o
j, o, p
j, o, r
j, o, t
j, o, v
j, o, w
j, o, x
j, o, z
j, q, j
j, q, u
j, q, x
j, q, z
j, u, m
j, u, p
j, u, t
j, x, a
j, x, e
j, x, i
j, x, j
j, x, y
j, z, a
j, z, e
j, z, i
j, z, o
j, z, u
j, z, x
j, z, y
k, a, a
k, a, c
k, a, d
k, a, e
k, a, f
k, a, g
k, a, h
k, a, k
k, a, p
k, a, u
k, a, v
k, a, w
k, a, x
k, a, y
k, a, z
k, e, a
k, e, b
k, e, c
k, e, d
k, e, f
k, e, g
k, e, i
k, e, m
k, e, o
k, e, p
k, e, s
k, e, u
k, e, v
k, h, e
k, h, i
k, h, o
k, h, u
k, h, x
k, h, y
k, i, a
k, i, b
k, i, c
k, i, g
k, i, m
k, i, o
k, i, p
k, i, v
k, l, a
k, l, i
k, l, o
k, l, u
k, l, x
k, l, y
k, n, e
k, n, u
k, o, a
k, o, b
k, o, c
k, o, d
k, o, e
k, o, f
k, o, g
k, o, i
k, o, k
k, o, m
k, o, o
k, o, p
k, o, s
k, o, t
k, o, u
k, o, v
k, o, w
k, o, x
k, o, z
k, r, o
k, r, u
k, r, x
k, r, y
k, u, l
k, u, m
k, u, n
k, u, p
k, u, s
k, u, t
k, w, a
k, w, e
k, w, h
k, w, i
k, w, o
k, w, q
k, w, r
k, w, u
k, w, x
k, x, a
k, x, e
k, x, i
k, x, j
k, x, y
k, y, a
k, y, e
k, y, i
k, y, o
k, y, u
k, z, a
k, z, e
k, z, i
k, z, o
k, z, u
k, z, x
k, z, y
l, a, a
l, a, e
l, a, f
l, a, h
l, a, k
l, a, l
l, a, q
l, a, x
l, a, y
l, a, z
l, e, b
l, e, d
l, e, f
l, e, l
l, e, r
l, e, x
l, e, y
l, i, a
l, i, d
l, i, o
l, i, r
l, o, d
l, o, e
l, o, f
l, o, i
l, o, k
l, o, l
l, o, m
l, o, s
l, o, x
l, o, z
l, u, l
l, u, p
l, x, a
l, x, e
l, x, i
l, x, j
l, x, y
l, y, a
l, y, e
l, y, i
l, y, o
l, y, u
m, a, a
m, a, b
m, a, e
m, a, f
m, a, p
m, a, q
m, a, v
m, a, w
m, c, a
m, c, e
m, c, h
m, c, i
m, c, j
m, c, l
m, c, o
m, c, r
m, c, x
m, e, b
m, e, f
m, e, o
m, e, p
m, e, u
m, e, v
m, e, x
m, e, y
m, i, a
m, i, b
m, i, g
m, i, o
m, i, p
m, i, v
m, o, a
m, o, e
m, o, f
m, o, g
m, o, k
m, o, p
m, o, v
m, o, w
m, o, x
m, o, z
m, q, j
m, q, u
m, q, x
m, q, z
m, s, a
m, s, c
m, s, e
m, s, h
m, s, i
m, s, k
m, s, m
m, s, o
m, s, p
m, s, t
m, s, u
m, s, x
m, u, m
m, x, a
m, x, e
m, x, i
m, x, j
m, x, y
m, y, a
m, y, i
n, a, a
n, a, c
n, a, d
n, a, e
n, a, f
n, a, g
n, a, h
n, a, k
n, a, l
n, a, w
n, a, x
n, a, y
n, a, z
n, e, d
n, e, f
n, e, i
n, e, l
n, e, n
n, e, q
n, e, v
n, e, x
n, e, y
n, i, a
n, i, b
n, i, d
n, i, l
n, i, m
n, i, o
n, i, p
n, i, r
n, i, s
n, i, v
n, o, a
n, o, d
n, o, e
n, o, f
n, o, g
n, o, i
n, o, k
n, o, l
n, o, o
n, o, p
n, o, w
n, o, x
n, o, z
n, u, l
n, u, p
n, u, s
n, y, a
n, y, e
n, y, i
n, y, o
o, a, b
o, a, c
o, a, d
o, a, e
o, a, f
o, a, g
o, a, k
o, a, l
o, a, m
o, a, n
o, a, p
o, a, r
o, a, s
o, a, t
o, a, u
o, a, x
o, b, a
o, b, i
o, b, o
o, b, r
o, b, u
o, b, x
o, b, y
o, c, a
o, c, h
o, c, i
o, c, j
o, c, l
o, c, o
o, c, r
o, c, u
o, c, x
o, c, y
o, d, a
o, d, e
o, d, h
o, d, i
o, d, r
o, d, u
o, d, w
o, d, x
o, d, y
o, e, a
o, e, b
o, e, c
o, e, d
o, e, i
o, e, l
o, e, m
o, e, n
o, e, o
o, e, p
o, e, r
o, e, s
o, e, t
o, e, u
o, e, v
o, e, x
o, f, a
o, f, e
o, f, i
o, f, l
o, f, o
o, f, q
o, f, r
o, f, u
o, f, x
o, g, a
o, g, e
o, g, h
o, g, i
o, g, l
o, g, n
o, g, o
o, g, q
o, g, r
o, g, u
o, g, x
o, g, y
o, i, a
o, i, c
o, i, d
o, i, g
o, i, m
o, i, n
o, i, o
o, i, r
o, i, s
o, i, t
o, k, a
o, k, e
o, k, i
o, k, l
o, k, o
o, k, u
o, k, x
o, k, y
o, k, z
o, l, a
o, l, o
o, l, u
o, l, x
o, l, y
o, m, a
o, m, e
o, m, i
o, m, o
o, m, q
o, m, s
o, m, u
o, m, x
o, m, y
o, n, a
o, n, e
o, n, i
o, n, o
o, n, u
o, n, y
o, o, b
o, o, c
o, o, d
o, o, e
o, o, f
o, o, g
o, o, i
o, o, k
o, o, l
o, o, m
o, o, n
o, o, p
o, o, r
o, o, s
o, o, t
o, o, v
o, o, z
o, p, a
o, p, l
o, p, n
o, p, o
o, p, q
o, p, r
o, p, s
o, p, u
o, p, x
o, p, y
o, p, z
o, r, h
o, r, u
o, r, x
o, r, y
o, s, a
o, s, e
o, s, h
o, s, i
o, s, k
o, s, l
o, s, n
o, s, o
o, s, p
o, s, q
o, s, u
o, s, w
o, s, x
o, s, y
o, t, a
o, t, e
o, t, h
o, t, i
o, t, q
o, t, r
o, t, s
o, t, u
o, t, w
o, t, x
o, t, y
o, u, l
o, u, m
o, u, n
o, u, p
o, u, r
o, u, s
o, v, b
o, v, i
o, v, j
o, v, o
o, v, q
o, v, u
o, v, w
o, v, x
o, w, a
o, w, e
o, w, h
o, w, i
o, w, o
o, w, q
o, w, r
o, w, x
o, w, y
o, x, a
o, x, e
o, x, i
o, x, j
o, z, a
o, z, e
o, z, i
o, z, o
o, z, x
o, z, y
p, a, a
p, a, b
p, a, h
p, a, k
p, a, q
p, a, w
p, a, x
p, a, z
p, e, b
p, e, f
p, e, g
p, e, i
p, e, m
p, e, o
p, e, u
p, e, v
p, e, x
p, e, y
p, h, u
p, h, x
p, i, b
p, i, d
p, i, m
p, i, o
p, i, v
p, l, x
p, l, y
p, n, i
p, n, o
p, o, a
p, o, b
p, o, f
p, o, g
p, o, k
p, o, v
p, o, x
p, o, z
p, q, j
p, q, u
p, q, x
p, q, z
p, r, x
p, r, y
p, s, c
p, s, h
p, s, k
p, s, m
p, s, o
p, s, p
p, s, t
p, s, u
p, s, w
p, s, x
p, t, a
p, t, h
p, t, i
p, t, o
p, t, q
p, t, r
p, t, s
p, t, u
p, t, x
p, t, y
p, u, m
p, x, a
p, x, e
p, x, i
p, x, j
p, x, y
p, y, a
p, y, e
p, y, i
p, y, o
p, z, a
p, z, e
p, z, i
p, z, o
p, z, u
p, z, x
p, z, y
q, j, a
q, j, e
q, j, i
q, j, o
q, j, q
q, j, u
q, j, x
q, j, z
q, u, l
q, u, m
q, u, n
q, u, r
q, u, s
q, u, t
q, x, a
q, x, e
q, x, i
q, x, j
q, x, y
q, z, a
q, z, e
q, z, i
q, z, o
q, z, u
q, z, x
q, z, y
r, a, a
r, a, e
r, a, h
r, a, k
r, a, l
r, a, q
r, a, r
r, a, u
r, a, w
r, a, x
r, a, z
r, e, x
r, e, y
r, h, u
r, h, x
r, i, a
r, i, l
r, i, m
r, i, o
r, i, r
r, o, e
r, o, f
r, o, g
r, o, i
r, o, k
r, o, p
r, o, r
r, o, v
r, o, x
r, o, z
r, u, l
r, u, p
r, u, r
r, x, a
r, x, e
r, x, i
r, x, j
r, x, y
r, y, a
r, y, e
r, y, i
r, y, o
s, a, a
s, a, e
s, a, h
s, a, k
s, a, y
s, c, j
s, c, x
s, e, b
s, e, f
s, e, o
s, e, u
s, e, y
s, h, x
s, h, y
s, i, a
s, i, o
s, i, v
s, k, l
s, k, o
s, k, r
s, k, u
s, k, x
s, k, z
s, l, x
s, l, y
s, m, q
s, m, s
s, m, u
s, m, x
s, m, y
s, o, b
s, o, e
s, o, g
s, o, i
s, o, k
s, o, s
s, o, t
s, o, v
s, o, x
s, o, z
s, p, q
s, p, s
s, p, x
s, p, y
s, p, z
s, q, j
s, q, x
s, q, z
s, t, h
s, t, q
s, t, s
s, t, w
s, t, x
s, u, t
s, w, q
s, w, x
s, x, a
s, x, e
s, x, i
s, x, j
s, x, y
s, y, a
s, y, e
s, y, i
t, a, d
t, a, e
t, a, f
t, a, h
t, a, v
t, a, w
t, a, y
t, a, z
t, e, b
t, e, d
t, e, f
t, e, g
t, e, i
t, e, o
t, e, p
t, e, v
t, e, x
t, e, y
t, h, x
t, i, a
t, i, b
t, i, o
t, i, s
t, i, v
t, o, c
t, o, d
t, o, e
t, o, f
t, o, g
t, o, i
t, o, k
t, o, s
t, o, v
t, o, z
t, q, j
t, q, u
t, q, x
t, q, z
t, r, x
t, s, a
t, s, c
t, s, e
t, s, h
t, s, i
t, s, k
t, s, m
t, s, o
t, s, p
t, s, t
t, s, u
t, s, w
t, s, x
t, s, y
t, u, p
t, w, o
t, w, q
t, w, r
t, w, x
t, x, a
t, x, e
t, x, i
t, x, j
t, x, y
t, y, a
t, y, e
t, y, i
t, y, o
u, l, a
u, l, e
u, l, i
u, l, o
u, l, u
u, l, x
u, l, y
u, m, a
u, m, c
u, m, e
u, m, i
u, m, o
u, m, q
u, m, s
u, m, u
u, m, x
u, m, y
u, n, y
u, p, a
u, p, e
u, p, h
u, p, i
u, p, l
u, p, o
u, p, q
u, p, u
u, p, x
u, p, y
u, p, z
u, r, h
u, r, u
u, r, x
u, r, y
u, s, a
u, s, c
u, s, e
u, s, h
u, s, i
u, s, k
u, s, l
u, s, m
u, s, n
u, s, o
u, s, p
u, s, q
u, s, t
u, s, u
u, s, x
u, s, y
u, t, a
u, t, e
u, t, h
u, t, i
u, t, o
u, t, q
u, t, r
u, t, s
u, t, u
u, t, w
u, t, x
u, t, y
v, a, a
v, a, b
v, a, d
v, a, e
v, a, f
v, a, h
v, a, i
v, a, k
v, a, m
v, a, t
v, a, v
v, a, w
v, a, x
v, a, y
v, a, z
v, b, a
v, b, e
v, b, h
v, b, i
v, b, l
v, b, o
v, b, r
v, b, s
v, b, u
v, b, x
v, b, y
v, e, a
v, e, b
v, e, c
v, e, d
v, e, f
v, e, g
v, e, i
v, e, m
v, e, o
v, e, p
v, e, t
v, e, u
v, e, v
v, e, x
v, e, y
v, i, a
v, i, g
v, i, m
v, i, p
v, j, a
v, j, e
v, j, i
v, j, o
v, j, q
v, j, u
v, j, x
v, j, z
v, o, b
v, o, d
v, o, e
v, o, g
v, o, i
v, o, k
v, o, m
v, o, n
v, o, o
v, o, p
v, o, r
v, o, s
v, o, t
v, o, u
v, o, v
v, o, w
v, o, x
v, q, j
v, q, u
v, q, x
v, q, z
v, u, m
v, u, n
v, u, r
v, u, s
v, u, t
v, w, a
v, w, e
v, w, h
v, w, i
v, w, o
v, w, q
v, w, r
v, w, u
v, w, x
v, w, y
v, x, a
v, x, e
v, x, i
v, x, j
v, x, y
w, a, a
w, a, b
w, a, c
w, a, e
w, a, f
w, a, h
w, a, m
w, a, p
w, a, w
w, a, x
w, a, z
w, e, c
w, e, d
w, e, f
w, e, g
w, e, m
w, e, o
w, e, p
w, e, r
w, e, t
w, e, v
w, e, x
w, e, y
w, h, u
w, h, x
w, h, y
w, i, a
w, i, b
w, i, g
w, i, m
w, i, p
w, i, v
w, o, a
w, o, b
w, o, c
w, o, d
w, o, e
w, o, f
w, o, g
w, o, i
w, o, k
w, o, p
w, o, s
w, o, t
w, o, u
w, o, v
w, o, w
w, o, z
w, q, j
w, q, u
w, q, x
w, q, z
w, r, o
w, r, u
w, r, x
w, r, y
w, u, l
w, u, m
w, u, n
w, u, p
w, u, r
w, u, s
w, u, t
w, x, a
w, x, e
w, x, i
w, x, j
w, x, y
w, y, a
w, y, e
w, y, o
x, a, b
x, a, c
x, a, d
x, a, e
x, a, f
x, a, g
x, a, h
x, a, i
x, a, k
x, a, l
x, a, m
x, a, p
x, a, r
x, a, s
x, a, t
x, a, u
x, a, v
x, a, x
x, a, z
x, e, a
x, e, b
x, e, c
x, e, d
x, e, g
x, e, i
x, e, l
x, e, m
x, e, o
x, e, p
x, e, q
x, e, s
x, e, t
x, e, u
x, e, v
x, e, y
x, i, a
x, i, b
x, i, c
x, i, d
x, i, g
x, i, l
x, i, m
x, i, n
x, i, o
x, i, p
x, i, r
x, i, s
x, i, t
x, i, v
x, j, a
x, j, e
x, j, i
x, j, o
x, j, q
x, j, u
x, j, x
x, j, z
x, y, a
x, y, e
x, y, i
x, y, o
x, y, u
y, a, b
y, a, c
y, a, d
y, a, e
y, a, f
y, a, g
y, a, h
y, a, i
y, a, k
y, a, l
y, a, m
y, a, p
y, a, q
y, a, s
y, a, t
y, a, u
y, a, v
y, a, w
y, a, x
y, a, y
y, a, z
y, e, b
y, e, c
y, e, d
y, e, f
y, e, g
y, e, i
y, e, m
y, e, n
y, e, o
y, e, p
y, e, r
y, e, s
y, e, t
y, e, u
y, e, v
y, e, y
y, i, a
y, i, c
y, i, d
y, i, l
y, i, m
y, i, n
y, i, o
y, i, p
y, i, r
y, i, s
y, i, t
y, o, a
y, o, b
y, o, c
y, o, d
y, o, e
y, o, f
y, o, g
y, o, i
y, o, k
y, o, l
y, o, m
y, o, n
y, o, o
y, o, p
y, o, r
y, o, s
y, o, t
y, o, v
y, o, w
y, o, x
y, o, z
y, u, l
y, u, m
y, u, n
y, u, p
y, u, r
y, u, s
y, u, t
z, a, a
z, a, b
z, a, c
z, a, d
z, a, e
z, a, f
z, a, g
z, a, h
z, a, i
z, a, k
z, a, l
z, a, m
z, a, p
z, a, q
z, a, r
z, a, s
z, a, t
z, a, u
z, a, v
z, a, w
z, a, x
z, a, y
z, a, z
z, e, a
z, e, b
z, e, c
z, e, d
z, e, f
z, e, g
z, e, i
z, e, l
z, e, m
z, e, n
z, e, o
z, e, p
z, e, q
z, e, r
z, e, s
z, e, t
z, e, u
z, e, v
z, e, x
z, e, y
z, i, a
z, i, b
z, i, c
z, i, d
z, i, g
z, i, l
z, i, m
z, i, o
z, i, p
z, i, r
z, i, s
z, i, t
z, i, v
z, o, a
z, o, b
z, o, c
z, o, d
z, o, e
z, o, f
z, o, g
z, o, i
z, o, k
z, o, l
z, o, m
z, o, p
z, o, r
z, o, s
z, o, t
z, o, u
z, o, v
z, o, w
z, o, x
z, o, z
z, u, l
z, u, m
z, u, n
z, u, p
z, u, r
z, u, s
z, u, t
z, x, a
z, x, e
z, x, i
z, x, j
z, x, y
z, y, a
z, y, i
z, y, u
', b, a
', b, e
', b, h
', b, i
', b, l
', b, o
', b, r
', b, s
', b, u
', b, x
', b, y
', f, a
', f, e
', f, i
', f, l
', f, o
', f, q
', f, r
', f, u
', f, x
', g, a
', g, e
', g, h
', g, i
', g, l
', g, n
', g, o
', g, q
', g, r
', g, u
', g, x
', g, y
', h, a
', h, e
', h, i
', h, o
', h, u
', h, x
', h, y
', j, a
', j, e
', j, i
', j, o
', j, q
', j, u
', j, x
', j, z
', k, a
', k, e
', k, h
', k, i
', k, l
', k, n
', k, o
', k, r
', k, u
', k, w
', k, x
', k, y
', k, z
', m, a
', m, c
', m, e
', m, i
', m, o
', m, q
', m, s
', m, u
', m, x
', m, y
', p, a
', p, e
', p, h
', p, i
', p, l
', p, n
', p, o
', p, q
', p, r
', p, s
', p, t
', p, u
', p, x
', p, y
', p, z
', q, j
', q, u
', q, x
', q, z
', r, a
', r, e
', r, h
', r, i
', r, o
', r, u
', r, x
', r, y
', u, l
', u, m
', u, n
', u, p
', u, r
', u, s
', u, t
', v, a
', v, b
', v, e
', v, i
', v, j
', v, o
', v, q
', v, u
', v, w
', v, x
', w, a
', w, e
', w, h
', w, i
', w, o
', w, q
', w, r
', w, u
', w, x
', w, y
', x, a
', x, e
', x, i
', x, j
', x, y
', y, a
', y, e
', y, i
', y, o
', y, u
', z, a
', z, e
', z, i
', z, o
', z, u
', z, x
', z, y
', ', b
', ', f
', ', g
', ', h
', ', j
', ', k
', ', m
', ', p
', ', q
', ', r
', ', u
', ', v
', ', w
', ', x
', ', y
', ', z
', ', '
