a, b, a
a, b, e
a, b, i
a, b, o
a, b, s
a, b, x
a, b, y
a, c, a
a, c, i
a, c, j
a, c, o
a, c, x
a, d, i
a, d, x
a, d, y
a, e, c
a, e, d
a, e, g
a, e, i
a, e, l
a, e, m
a, e, n
a, e, o
a, e, r
a, e, s
a, e, t
a, f, e
a, f, f
a, f, q
a, f, x
a, g, h
a, g, i
a, g, n
a, g, o
a, g, q
a, g, x
a, g, y
a, h, a
a, h, e
a, h, i
a, h, o
a, h, x
a, h, y
a, i, a
a, i, e
a, i, g
a, i, k
a, i, m
a, i, o
a, i, p
a, i, t
a, k, a
a, k, i
a, k, o
a, k, x
a, k, y
a, k, z
a, l, f
a, l, k
a, l, m
a, l, o
a, l, t
a, l, x
a, m, b
a, m, i
a, m, o
a, m, q
a, m, x
a, o, l
a, o, n
a, o, r
a, o, s
a, o, u
a, p, a
a, p, i
a, p, o
a, p, q
a, p, t
a, p, x
a, p, z
a, r, b
a, r, g
a, r, l
a, r, m
a, r, n
a, r, o
a, r, p
a, r, r
a, r, u
a, r, x
a, s, a
a, s, i
a, s, k
a, s, o
a, s, x
a, s, y
a, t, q
a, t, t
a, t, u
a, t, x
a, t, y
a, t, z
a, u, b
a, u, d
a, u, e
a, u, g
a, u, k
a, u, l
a, u, m
a, u, n
a, u, p
a, u, r
a, u, t
a, u, x
a, w, a
a, w, l
a, w, n
a, w, q
a, w, x
a, x, j
a, x, y
a, y, a
a, y, e
a, y, l
a, y, n
b, a, b
b, a, c
b, a, d
b, a, e
b, a, f
b, a, g
b, a, h
b, a, i
b, a, k
b, a, m
b, a, n
b, a, o
b, a, p
b, a, t
b, a, u
b, a, w
b, a, x
b, a, y
b, e, a
b, e, c
b, e, e
b, e, f
b, e, g
b, e, h
b, e, i
b, e, k
b, e, m
b, e, n
b, e, o
b, e, p
b, e, t
b, e, w
b, e, x
b, e, y
b, e, z
b, i, b
b, i, d
b, i, e
b, i, g
b, i, i
b, i, k
b, i, l
b, i, m
b, i, o
b, i, p
b, i, r
b, i, s
b, i, t
b, i, x
b, o, a
b, o, b
b, o, c
b, o, d
b, o, e
b, o, f
b, o, g
b, o, i
b, o, k
b, o, l
b, o, m
b, o, n
b, o, o
b, o, p
b, o, r
b, o, s
b, o, t
b, o, u
b, o, v
b, o, w
b, o, y
b, s, a
b, s, e
b, s, h
b, s, i
b, s, k
b, s, m
b, s, o
b, s, t
b, s, x
b, s, y
b, x, j
b, x, y
b, y, a
b, y, e
b, y, l
b, y, n
b, y, s
c, a, b
c, a, c
c, a, d
c, a, e
c, a, f
c, a, g
c, a, h
c, a, i
c, a, k
c, a, m
c, a, o
c, a, p
c, a, r
c, a, t
c, a, u
c, a, w
c, a, y
c, e, a
c, e, c
c, e, e
c, e, f
c, e, g
c, e, h
c, e, i
c, e, k
c, e, l
c, e, m
c, e, n
c, e, o
c, e, p
c, e, t
c, e, w
c, e, y
c, h, o
c, h, t
c, h, x
c, i, b
c, i, e
c, i, g
c, i, i
c, i, l
c, i, m
c, i, o
c, i, p
c, i, r
c, i, s
c, i, t
c, j, a
c, j, q
c, j, x
c, j, z
c, k, a
c, k, e
c, k, i
c, k, o
c, k, x
c, k, z
c, o, a
c, o, b
c, o, c
c, o, d
c, o, e
c, o, f
c, o, g
c, o, i
c, o, k
c, o, l
c, o, m
c, o, o
c, o, p
c, o, r
c, o, t
c, o, u
c, o, v
c, o, w
c, o, x
c, o, y
c, s, i
c, s, o
c, s, t
c, s, x
c, t, a
c, t, e
c, t, h
c, t, i
c, t, o
c, t, q
c, t, u
c, t, x
c, t, y
c, x, j
c, x, y
c, y, a
c, y, e
c, y, l
c, y, n
c, y, s
d, a, b
d, a, c
d, a, d
d, a, f
d, a, g
d, a, h
d, a, i
d, a, k
d, a, m
d, a, o
d, a, p
d, a, t
d, a, u
d, a, w
d, a, x
d, a, y
d, e, c
d, e, e
d, e, f
d, e, g
d, e, h
d, e, i
d, e, k
d, e, m
d, e, o
d, e, p
d, e, t
d, e, w
d, e, x
d, e, y
d, e, z
d, i, b
d, i, d
d, i, g
d, i, i
d, i, k
d, i, l
d, i, m
d, i, o
d, i, p
d, i, r
d, i, t
d, i, x
d, o, a
d, o, b
d, o, c
d, o, d
d, o, e
d, o, f
d, o, g
d, o, i
d, o, k
d, o, l
d, o, o
d, o, p
d, o, t
d, o, u
d, o, v
d, o, w
d, o, x
d, o, y
d, s, a
d, s, e
d, s, h
d, s, i
d, s, k
d, s, m
d, s, o
d, s, t
d, s, x
d, x, j
d, x, y
d, y, a
d, y, e
d, y, l
d, y, n
d, y, s
e, a, b
e, a, c
e, a, f
e, a, g
e, a, h
e, a, p
e, a, w
e, c, a
e, c, h
e, c, i
e, c, j
e, c, o
e, c, s
e, c, x
e, c, y
e, d, a
e, d, i
e, d, o
e, d, x
e, d, y
e, e, a
e, e, c
e, e, f
e, e, h
e, e, i
e, e, k
e, e, m
e, e, w
e, e, x
e, e, z
e, f, e
e, f, f
e, f, q
e, f, s
e, f, t
e, f, x
e, f, y
e, g, a
e, g, e
e, g, h
e, g, i
e, g, n
e, g, o
e, g, q
e, g, s
e, g, x
e, g, y
e, h, a
e, h, e
e, h, i
e, h, o
e, h, x
e, h, y
e, i, a
e, i, b
e, i, c
e, i, d
e, i, e
e, i, g
e, i, k
e, i, l
e, i, m
e, i, o
e, i, p
e, i, r
e, i, s
e, i, t
e, k, a
e, k, e
e, k, i
e, k, o
e, k, s
e, k, x
e, k, z
e, l, f
e, l, i
e, l, k
e, l, m
e, l, o
e, l, x
e, m, b
e, m, i
e, m, o
e, m, p
e, m, q
e, m, x
e, m, y
e, n, g
e, n, i
e, n, k
e, n, n
e, n, o
e, o, a
e, o, b
e, o, c
e, o, d
e, o, e
e, o, f
e, o, g
e, o, i
e, o, l
e, o, m
e, o, p
e, o, r
e, o, s
e, o, t
e, o, u
e, o, x
e, p, a
e, p, e
e, p, h
e, p, i
e, p, o
e, p, q
e, p, t
e, p, x
e, p, y
e, p, z
e, r, b
e, r, d
e, r, i
e, r, k
e, r, l
e, r, p
e, r, r
e, r, u
e, r, x
e, s, a
e, s, h
e, s, i
e, s, k
e, s, m
e, s, o
e, s, x
e, s, y
e, t, i
e, t, o
e, t, q
e, t, u
e, t, x
e, t, z
e, w, a
e, w, l
e, w, q
e, w, x
e, x, j
e, x, y
e, y, a
e, y, e
e, y, l
e, y, n
e, z, a
e, z, e
e, z, o
e, z, x
f, e, a
f, e, c
f, e, e
f, e, f
f, e, g
f, e, h
f, e, i
f, e, k
f, e, l
f, e, m
f, e, n
f, e, o
f, e, p
f, e, s
f, e, t
f, e, w
f, e, x
f, e, y
f, e, z
f, f, e
f, f, q
f, f, t
f, f, x
f, f, y
f, q, j
f, q, x
f, q, z
f, s, a
f, s, e
f, s, h
f, s, i
f, s, k
f, s, t
f, s, x
f, t, a
f, t, e
f, t, h
f, t, i
f, t, o
f, t, q
f, t, t
f, t, u
f, t, x
f, t, y
f, x, j
f, x, y
f, y, l
g, a, b
g, a, c
g, a, d
g, a, e
g, a, f
g, a, g
g, a, h
g, a, i
g, a, k
g, a, m
g, a, o
g, a, p
g, a, t
g, a, u
g, a, w
g, a, y
g, e, a
g, e, c
g, e, e
g, e, f
g, e, g
g, e, h
g, e, i
g, e, k
g, e, l
g, e, m
g, e, o
g, e, p
g, e, t
g, e, w
g, e, y
g, h, a
g, h, e
g, h, i
g, h, o
g, h, x
g, h, y
g, i, b
g, i, d
g, i, e
g, i, g
g, i, i
g, i, k
g, i, l
g, i, m
g, i, n
g, i, o
g, i, p
g, i, r
g, i, s
g, i, t
g, n, a
g, n, e
g, n, i
g, n, o
g, n, s
g, n, t
g, n, y
g, o, a
g, o, b
g, o, c
g, o, d
g, o, e
g, o, f
g, o, g
g, o, i
g, o, l
g, o, m
g, o, o
g, o, p
g, o, r
g, o, t
g, o, u
g, o, v
g, o, w
g, o, y
g, q, j
g, q, x
g, q, z
g, s, a
g, s, h
g, s, i
g, s, k
g, s, m
g, s, o
g, s, t
g, s, x
g, x, j
g, x, y
g, y, a
g, y, e
g, y, l
g, y, n
h, a, b
h, a, c
h, a, d
h, a, e
h, a, f
h, a, g
h, a, h
h, a, i
h, a, k
h, a, o
h, a, p
h, a, t
h, a, u
h, a, w
h, a, x
h, a, y
h, e, c
h, e, f
h, e, g
h, e, h
h, e, i
h, e, k
h, e, l
h, e, m
h, e, o
h, e, p
h, e, t
h, e, w
h, e, x
h, e, y
h, e, z
h, i, b
h, i, d
h, i, e
h, i, g
h, i, i
h, i, k
h, i, l
h, i, m
h, i, o
h, i, r
h, i, t
h, o, a
h, o, b
h, o, c
h, o, d
h, o, e
h, o, f
h, o, g
h, o, i
h, o, k
h, o, l
h, o, m
h, o, o
h, o, p
h, o, r
h, o, t
h, o, u
h, o, v
h, o, w
h, o, x
h, o, y
h, s, a
h, s, e
h, s, h
h, s, i
h, s, m
h, s, o
h, s, t
h, s, x
h, t, a
h, t, e
h, t, h
h, t, i
h, t, o
h, t, q
h, t, u
h, t, x
h, t, y
h, x, j
h, x, y
h, y, a
h, y, e
h, y, l
h, y, n
h, y, s
i, a, b
i, a, d
i, a, g
i, a, h
i, a, k
i, a, m
i, a, p
i, a, r
i, a, t
i, a, u
i, b, a
i, b, e
i, b, i
i, b, o
i, b, s
i, b, x
i, c, i
i, c, j
i, c, o
i, c, t
i, c, x
i, c, y
i, d, i
i, d, o
i, d, x
i, d, y
i, e, c
i, e, f
i, e, g
i, e, h
i, e, l
i, e, m
i, e, n
i, e, p
i, e, t
i, e, w
i, g, a
i, g, e
i, g, h
i, g, i
i, g, n
i, g, o
i, g, q
i, g, s
i, g, x
i, i, d
i, i, n
i, i, s
i, k, a
i, k, i
i, k, o
i, k, s
i, k, x
i, k, z
i, l, d
i, l, f
i, l, i
i, l, k
i, l, m
i, l, o
i, l, t
i, l, x
i, m, b
i, m, i
i, m, o
i, m, p
i, m, q
i, m, x
i, m, y
i, n, n
i, n, y
i, o, a
i, o, b
i, o, c
i, o, d
i, o, e
i, o, f
i, o, g
i, o, i
i, o, l
i, o, m
i, o, p
i, o, r
i, o, t
i, o, u
i, o, v
i, o, x
i, p, a
i, p, e
i, p, h
i, p, i
i, p, o
i, p, q
i, p, t
i, p, x
i, p, y
i, p, z
i, r, b
i, r, g
i, r, i
i, r, k
i, r, l
i, r, m
i, r, n
i, r, o
i, r, p
i, r, r
i, r, t
i, r, u
i, r, x
i, r, y
i, s, a
i, s, i
i, s, k
i, s, o
i, s, x
i, s, y
i, t, i
i, t, q
i, t, t
i, t, u
i, t, x
i, t, z
i, x, j
j, a, b
j, a, c
j, a, d
j, a, e
j, a, f
j, a, g
j, a, h
j, a, i
j, a, k
j, a, l
j, a, m
j, a, n
j, a, o
j, a, p
j, a, r
j, a, s
j, a, t
j, a, u
j, a, w
j, a, x
j, a, y
j, q, j
j, q, x
j, q, z
j, x, j
j, x, y
j, z, a
j, z, e
j, z, o
j, z, x
j, z, y
k, a, b
k, a, c
k, a, d
k, a, e
k, a, f
k, a, g
k, a, h
k, a, i
k, a, k
k, a, l
k, a, m
k, a, n
k, a, o
k, a, p
k, a, r
k, a, t
k, a, u
k, a, w
k, a, x
k, a, y
k, e, a
k, e, c
k, e, e
k, e, f
k, e, g
k, e, h
k, e, i
k, e, k
k, e, l
k, e, m
k, e, o
k, e, p
k, e, w
k, i, a
k, i, b
k, i, c
k, i, d
k, i, g
k, i, i
k, i, k
k, i, l
k, i, m
k, i, o
k, i, p
k, i, r
k, i, s
k, i, t
k, o, a
k, o, b
k, o, c
k, o, d
k, o, e
k, o, f
k, o, g
k, o, i
k, o, k
k, o, l
k, o, m
k, o, n
k, o, o
k, o, p
k, o, r
k, o, s
k, o, t
k, o, u
k, o, v
k, o, w
k, o, x
k, o, y
k, s, a
k, s, e
k, s, h
k, s, i
k, s, k
k, s, m
k, s, o
k, s, t
k, s, x
k, s, y
k, x, j
k, x, y
k, y, a
k, y, e
k, y, l
k, y, n
k, y, s
k, z, a
k, z, e
k, z, o
k, z, x
k, z, y
l, a, b
l, a, c
l, a, d
l, a, f
l, a, g
l, a, i
l, a, k
l, a, l
l, a, m
l, a, o
l, a, p
l, a, t
l, a, u
l, a, w
l, a, x
l, d, a
l, d, e
l, d, i
l, d, o
l, d, x
l, d, y
l, e, c
l, e, f
l, e, g
l, e, h
l, e, i
l, e, k
l, e, l
l, e, m
l, e, o
l, e, p
l, e, w
l, e, x
l, e, z
l, f, e
l, f, q
l, f, s
l, f, x
l, i, b
l, i, g
l, i, i
l, i, k
l, i, l
l, i, m
l, i, o
l, i, p
l, i, r
l, i, t
l, i, x
l, k, a
l, k, e
l, k, i
l, k, o
l, k, s
l, k, x
l, k, y
l, k, z
l, l, d
l, l, f
l, l, m
l, l, t
l, l, x
l, m, a
l, m, e
l, m, i
l, m, o
l, m, q
l, m, s
l, m, x
l, m, y
l, o, a
l, o, b
l, o, c
l, o, d
l, o, e
l, o, f
l, o, g
l, o, i
l, o, k
l, o, l
l, o, m
l, o, o
l, o, p
l, o, r
l, o, u
l, o, v
l, o, x
l, o, y
l, s, a
l, s, e
l, s, h
l, s, i
l, s, k
l, s, m
l, s, o
l, s, t
l, s, x
l, t, a
l, t, e
l, t, h
l, t, i
l, t, o
l, t, q
l, t, u
l, t, x
l, t, z
l, x, j
l, x, y
l, y, a
l, y, e
l, y, l
l, y, s
m, a, b
m, a, c
m, a, d
m, a, e
m, a, f
m, a, g
m, a, h
m, a, i
m, a, k
m, a, m
m, a, o
m, a, p
m, a, t
m, a, u
m, a, w
m, a, x
m, a, y
m, b, a
m, b, e
m, b, i
m, b, o
m, b, s
m, b, x
m, b, y
m, e, a
m, e, c
m, e, e
m, e, f
m, e, g
m, e, h
m, e, i
m, e, k
m, e, m
m, e, o
m, e, p
m, e, t
m, e, w
m, e, x
m, e, y
m, e, z
m, i, b
m, i, d
m, i, e
m, i, g
m, i, i
m, i, k
m, i, l
m, i, m
m, i, o
m, i, p
m, i, r
m, i, t
m, i, x
m, o, a
m, o, b
m, o, c
m, o, d
m, o, e
m, o, f
m, o, g
m, o, i
m, o, k
m, o, l
m, o, m
m, o, o
m, o, p
m, o, r
m, o, t
m, o, u
m, o, v
m, o, w
m, o, x
m, o, y
m, p, a
m, p, e
m, p, h
m, p, i
m, p, o
m, p, q
m, p, t
m, p, x
m, p, y
m, p, z
m, q, j
m, q, x
m, q, z
m, s, a
m, s, e
m, s, h
m, s, i
m, s, k
m, s, m
m, s, o
m, s, t
m, s, x
m, x, j
m, x, y
m, y, a
m, y, e
m, y, l
m, y, n
m, y, s
n, a, b
n, a, c
n, a, d
n, a, f
n, a, g
n, a, h
n, a, i
n, a, k
n, a, m
n, a, o
n, a, p
n, a, t
n, a, u
n, a, w
n, a, x
n, a, y
n, d, x
n, e, a
n, e, c
n, e, f
n, e, g
n, e, h
n, e, i
n, e, k
n, e, m
n, e, n
n, e, o
n, e, p
n, e, w
n, e, x
n, e, z
n, g, h
n, g, i
n, g, n
n, g, q
n, g, x
n, g, y
n, i, b
n, i, g
n, i, i
n, i, k
n, i, l
n, i, m
n, i, o
n, i, p
n, i, r
n, i, t
n, i, x
n, k, a
n, k, e
n, k, i
n, k, o
n, k, x
n, k, y
n, k, z
n, n, i
n, n, o
n, n, s
n, o, a
n, o, b
n, o, c
n, o, d
n, o, e
n, o, f
n, o, g
n, o, i
n, o, k
n, o, m
n, o, o
n, o, p
n, o, t
n, o, u
n, o, v
n, o, w
n, o, x
n, o, y
n, s, a
n, s, h
n, s, i
n, s, k
n, s, m
n, s, o
n, s, s
n, s, t
n, s, x
n, s, y
n, t, i
n, t, q
n, t, u
n, t, x
n, t, z
n, y, a
n, y, e
n, y, l
n, y, s
o, a, b
o, a, c
o, a, d
o, a, e
o, a, f
o, a, g
o, a, k
o, a, l
o, a, m
o, a, n
o, a, p
o, a, r
o, a, s
o, a, u
o, a, x
o, b, a
o, b, i
o, b, o
o, b, s
o, b, x
o, b, y
o, c, a
o, c, e
o, c, h
o, c, i
o, c, j
o, c, o
o, c, s
o, c, t
o, c, x
o, c, y
o, d, i
o, d, o
o, d, x
o, e, a
o, e, c
o, e, h
o, e, i
o, e, l
o, e, m
o, e, n
o, e, o
o, e, p
o, e, r
o, e, t
o, e, x
o, f, e
o, f, q
o, f, s
o, f, t
o, f, x
o, g, a
o, g, e
o, g, h
o, g, i
o, g, n
o, g, o
o, g, q
o, g, x
o, i, a
o, i, e
o, i, g
o, i, k
o, i, m
o, i, n
o, i, o
o, i, r
o, i, t
o, k, a
o, k, i
o, k, o
o, k, x
o, k, y
o, k, z
o, l, f
o, l, i
o, l, k
o, l, m
o, l, o
o, l, t
o, l, x
o, l, y
o, m, b
o, m, i
o, m, o
o, m, p
o, m, q
o, m, x
o, n, i
o, n, k
o, n, n
o, n, o
o, o, b
o, o, c
o, o, e
o, o, g
o, o, i
o, o, p
o, o, r
o, o, v
o, p, a
o, p, h
o, p, i
o, p, o
o, p, q
o, p, t
o, p, x
o, p, z
o, r, b
o, r, g
o, r, i
o, r, l
o, r, p
o, r, r
o, r, u
o, r, x
o, s, h
o, s, i
o, s, k
o, s, m
o, s, o
o, s, x
o, s, y
o, t, i
o, t, o
o, t, q
o, t, t
o, t, u
o, t, x
o, t, y
o, u, a
o, u, b
o, u, d
o, u, e
o, u, g
o, u, k
o, u, l
o, u, m
o, u, n
o, u, p
o, u, x
o, v, a
o, v, b
o, v, j
o, v, q
o, v, w
o, v, x
o, w, a
o, w, l
o, w, q
o, w, x
o, x, j
o, x, y
o, y, a
o, y, e
o, y, l
o, y, n
p, a, b
p, a, c
p, a, d
p, a, e
p, a, g
p, a, h
p, a, i
p, a, k
p, a, m
p, a, o
p, a, p
p, a, r
p, a, t
p, a, u
p, a, w
p, a, x
p, a, y
p, e, a
p, e, c
p, e, e
p, e, f
p, e, g
p, e, h
p, e, i
p, e, k
p, e, l
p, e, m
p, e, o
p, e, p
p, e, t
p, e, w
p, e, x
p, e, y
p, e, z
p, h, a
p, h, e
p, h, i
p, h, o
p, h, t
p, h, x
p, i, b
p, i, d
p, i, e
p, i, g
p, i, i
p, i, k
p, i, l
p, i, m
p, i, o
p, i, p
p, i, r
p, i, s
p, i, t
p, i, x
p, o, a
p, o, b
p, o, c
p, o, e
p, o, f
p, o, g
p, o, i
p, o, k
p, o, l
p, o, m
p, o, n
p, o, o
p, o, p
p, o, r
p, o, s
p, o, u
p, o, v
p, o, w
p, o, x
p, o, y
p, q, j
p, q, x
p, q, z
p, s, a
p, s, e
p, s, h
p, s, i
p, s, k
p, s, m
p, s, o
p, s, t
p, s, x
p, s, y
p, t, a
p, t, e
p, t, h
p, t, i
p, t, o
p, t, q
p, t, s
p, t, u
p, t, x
p, t, y
p, x, j
p, x, y
p, y, a
p, y, e
p, y, l
p, z, a
p, z, e
p, z, o
p, z, x
p, z, y
q, j, a
q, j, q
q, j, x
q, j, z
q, x, j
q, x, y
q, z, a
q, z, e
q, z, o
q, z, x
q, z, y
r, a, b
r, a, c
r, a, d
r, a, f
r, a, g
r, a, i
r, a, k
r, a, o
r, a, p
r, a, r
r, a, u
r, a, w
r, a, x
r, b, a
r, b, e
r, b, i
r, b, o
r, b, s
r, b, x
r, b, y
r, d, a
r, d, e
r, d, i
r, d, o
r, d, x
r, d, y
r, e, c
r, e, f
r, e, g
r, e, h
r, e, i
r, e, k
r, e, m
r, e, o
r, e, p
r, e, w
r, e, x
r, e, z
r, g, a
r, g, h
r, g, i
r, g, o
r, g, q
r, g, s
r, g, x
r, g, y
r, i, b
r, i, g
r, i, i
r, i, k
r, i, l
r, i, m
r, i, o
r, i, p
r, i, r
r, i, t
r, k, a
r, k, e
r, k, i
r, k, o
r, k, x
r, k, y
r, k, z
r, l, a
r, l, d
r, l, e
r, l, i
r, l, o
r, l, s
r, l, x
r, m, a
r, m, e
r, m, i
r, m, o
r, m, q
r, m, x
r, m, y
r, n, a
r, n, d
r, n, i
r, n, n
r, n, o
r, n, t
r, n, y
r, o, a
r, o, b
r, o, c
r, o, d
r, o, e
r, o, f
r, o, g
r, o, i
r, o, k
r, o, m
r, o, o
r, o, p
r, o, r
r, o, t
r, o, u
r, o, v
r, o, x
r, o, y
r, p, a
r, p, e
r, p, h
r, p, i
r, p, o
r, p, q
r, p, s
r, p, t
r, p, x
r, p, z
r, r, a
r, r, e
r, r, i
r, r, o
r, r, s
r, r, u
r, r, x
r, s, a
r, s, h
r, s, i
r, s, k
r, s, m
r, s, o
r, s, x
r, s, y
r, t, a
r, t, e
r, t, i
r, t, o
r, t, q
r, t, u
r, t, x
r, t, z
r, u, a
r, u, b
r, u, d
r, u, e
r, u, g
r, u, k
r, u, l
r, u, n
r, u, p
r, u, r
r, u, t
r, x, j
r, x, y
r, y, a
r, y, e
r, y, l
r, y, n
r, y, s
s, a, b
s, a, c
s, a, d
s, a, e
s, a, f
s, a, g
s, a, h
s, a, i
s, a, k
s, a, m
s, a, o
s, a, p
s, a, r
s, a, t
s, a, u
s, a, w
s, a, x
s, a, y
s, e, a
s, e, c
s, e, f
s, e, g
s, e, h
s, e, i
s, e, k
s, e, m
s, e, o
s, e, p
s, e, w
s, e, x
s, h, a
s, h, e
s, h, i
s, h, o
s, h, t
s, h, x
s, h, y
s, i, b
s, i, d
s, i, g
s, i, i
s, i, k
s, i, l
s, i, m
s, i, o
s, i, p
s, i, r
s, i, t
s, i, x
s, k, a
s, k, e
s, k, o
s, k, s
s, k, x
s, k, z
s, m, a
s, m, e
s, m, i
s, m, o
s, m, q
s, m, x
s, m, y
s, o, a
s, o, b
s, o, c
s, o, d
s, o, e
s, o, f
s, o, g
s, o, i
s, o, k
s, o, l
s, o, m
s, o, o
s, o, p
s, o, s
s, o, t
s, o, u
s, o, v
s, o, w
s, o, x
s, o, y
s, s, h
s, s, i
s, s, m
s, s, o
s, s, t
s, s, x
s, t, h
s, t, i
s, t, o
s, t, q
s, t, t
s, t, u
s, t, x
s, x, j
s, x, y
s, y, a
s, y, e
s, y, l
s, y, n
s, y, s
t, a, b
t, a, c
t, a, d
t, a, f
t, a, g
t, a, h
t, a, i
t, a, k
t, a, m
t, a, o
t, a, p
t, a, t
t, a, u
t, a, w
t, a, x
t, a, y
t, e, a
t, e, c
t, e, f
t, e, g
t, e, h
t, e, i
t, e, k
t, e, m
t, e, o
t, e, p
t, e, t
t, e, w
t, e, x
t, e, y
t, h, i
t, h, o
t, h, t
t, h, x
t, i, b
t, i, g
t, i, i
t, i, k
t, i, l
t, i, m
t, i, o
t, i, p
t, i, r
t, i, t
t, o, a
t, o, b
t, o, c
t, o, d
t, o, e
t, o, f
t, o, g
t, o, i
t, o, k
t, o, l
t, o, m
t, o, o
t, o, p
t, o, t
t, o, u
t, o, v
t, o, w
t, o, x
t, o, y
t, q, j
t, q, x
t, q, z
t, s, a
t, s, e
t, s, h
t, s, i
t, s, k
t, s, m
t, s, o
t, s, t
t, s, x
t, s, y
t, t, h
t, t, q
t, t, s
t, t, u
t, t, x
t, u, a
t, u, b
t, u, d
t, u, e
t, u, g
t, u, k
t, u, l
t, u, n
t, u, p
t, u, r
t, u, t
t, x, j
t, x, y
t, y, a
t, y, e
t, y, l
t, y, n
t, y, s
t, z, a
t, z, e
t, z, o
t, z, x
u, a, b
u, a, c
u, a, d
u, a, e
u, a, f
u, a, g
u, a, h
u, a, i
u, a, k
u, a, m
u, a, n
u, a, p
u, a, r
u, a, s
u, a, t
u, a, w
u, a, y
u, b, a
u, b, e
u, b, i
u, b, o
u, b, s
u, b, x
u, b, y
u, d, a
u, d, i
u, d, o
u, d, s
u, d, x
u, d, y
u, e, a
u, e, c
u, e, e
u, e, f
u, e, g
u, e, h
u, e, i
u, e, l
u, e, m
u, e, n
u, e, p
u, e, t
u, e, w
u, e, y
u, e, z
u, g, a
u, g, e
u, g, i
u, g, n
u, g, o
u, g, q
u, g, s
u, g, x
u, k, a
u, k, e
u, k, i
u, k, o
u, k, s
u, k, x
u, k, z
u, l, d
u, l, f
u, l, k
u, l, m
u, l, o
u, l, x
u, l, y
u, m, a
u, m, b
u, m, e
u, m, i
u, m, o
u, m, p
u, m, q
u, m, x
u, m, y
u, n, i
u, n, k
u, n, n
u, n, o
u, n, s
u, n, y
u, p, a
u, p, e
u, p, h
u, p, i
u, p, o
u, p, q
u, p, t
u, p, x
u, p, y
u, p, z
u, r, b
u, r, d
u, r, i
u, r, k
u, r, l
u, r, m
u, r, o
u, r, p
u, r, r
u, r, t
u, r, u
u, r, x
u, s, a
u, s, i
u, s, k
u, s, m
u, s, o
u, s, s
u, s, x
u, s, y
u, t, a
u, t, i
u, t, o
u, t, q
u, t, t
u, t, u
u, t, x
u, t, y
u, t, z
u, x, j
v, a, b
v, a, c
v, a, d
v, a, e
v, a, f
v, a, g
v, a, h
v, a, i
v, a, k
v, a, m
v, a, n
v, a, p
v, a, r
v, a, s
v, a, t
v, a, u
v, a, w
v, a, x
v, a, y
v, b, a
v, b, e
v, b, i
v, b, o
v, b, s
v, b, x
v, b, y
v, e, a
v, e, c
v, e, e
v, e, f
v, e, g
v, e, h
v, e, i
v, e, k
v, e, m
v, e, o
v, e, p
v, e, t
v, e, w
v, e, x
v, e, y
v, e, z
v, j, a
v, j, q
v, j, x
v, j, z
v, q, j
v, q, x
v, q, z
v, w, a
v, w, l
v, w, n
v, w, q
v, w, s
v, w, x
v, x, j
v, x, y
v, y, a
v, y, e
v, y, n
v, y, s
w, a, b
w, a, c
w, a, d
w, a, e
w, a, f
w, a, g
w, a, h
w, a, i
w, a, k
w, a, l
w, a, m
w, a, n
w, a, o
w, a, p
w, a, r
w, a, s
w, a, t
w, a, u
w, a, w
w, a, x
w, l, a
w, l, d
w, l, e
w, l, f
w, l, i
w, l, l
w, l, o
w, l, s
w, l, t
w, l, x
w, l, y
w, n, a
w, n, d
w, n, e
w, n, g
w, n, i
w, n, n
w, n, o
w, n, t
w, n, y
w, q, j
w, q, x
w, q, z
w, s, a
w, s, e
w, s, h
w, s, i
w, s, k
w, s, m
w, s, o
w, s, s
w, s, t
w, s, x
w, s, y
w, x, j
w, x, y
x, j, a
x, j, q
x, j, x
x, j, z
x, y, a
x, y, e
x, y, l
x, y, n
x, y, s
y, a, b
y, a, c
y, a, d
y, a, e
y, a, f
y, a, g
y, a, h
y, a, i
y, a, k
y, a, l
y, a, m
y, a, o
y, a, p
y, a, r
y, a, s
y, a, t
y, a, u
y, a, w
y, a, x
y, a, y
y, e, a
y, e, c
y, e, e
y, e, f
y, e, g
y, e, h
y, e, i
y, e, k
y, e, l
y, e, m
y, e, n
y, e, o
y, e, p
y, e, t
y, e, w
y, e, y
y, e, z
y, l, a
y, l, d
y, l, i
y, l, k
y, l, l
y, l, m
y, l, o
y, l, t
y, l, x
y, l, y
y, n, a
y, n, d
y, n, g
y, n, i
y, n, k
y, n, n
y, n, o
y, n, s
y, n, t
y, n, y
y, s, a
y, s, e
y, s, h
y, s, i
y, s, k
y, s, m
y, s, o
y, s, s
y, s, t
y, s, x
y, s, y
z, a, b
z, a, c
z, a, d
z, a, e
z, a, f
z, a, g
z, a, h
z, a, i
z, a, k
z, a, l
z, a, m
z, a, n
z, a, p
z, a, r
z, a, s
z, a, t
z, a, u
z, a, w
z, a, x
z, a, y
z, e, a
z, e, c
z, e, e
z, e, f
z, e, g
z, e, h
z, e, i
z, e, k
z, e, l
z, e, m
z, e, n
z, e, o
z, e, p
z, e, t
z, e, w
z, e, x
z, e, y
z, e, z
z, o, a
z, o, b
z, o, c
z, o, d
z, o, e
z, o, f
z, o, g
z, o, i
z, o, k
z, o, l
z, o, m
z, o, n
z, o, o
z, o, p
z, o, r
z, o, s
z, o, t
z, o, u
z, o, v
z, o, w
z, o, x
z, o, y
z, x, j
z, x, y
z, y, a
z, y, l
z, y, n
z, y, s
', b, a
', b, e
', b, i
', b, o
', b, s
', b, x
', b, y
', f, e
', f, f
', f, q
', f, s
', f, t
', f, x
', f, y
', g, a
', g, e
', g, h
', g, i
', g, n
', g, o
', g, q
', g, s
', g, x
', g, y
', h, a
', h, e
', h, i
', h, o
', h, s
', h, t
', h, x
', h, y
', j, a
', j, q
', j, x
', j, z
', k, a
', k, e
', k, i
', k, o
', k, s
', k, x
', k, y
', k, z
', m, a
', m, b
', m, e
', m, i
', m, o
', m, p
', m, q
', m, s
', m, x
', m, y
', p, a
', p, e
', p, h
', p, i
', p, o
', p, q
', p, s
', p, t
', p, x
', p, y
', p, z
', q, j
', q, x
', q, z
', r, a
', r, b
', r, d
', r, e
', r, g
', r, i
', r, k
', r, l
', r, m
', r, n
', r, o
', r, p
', r, r
', r, s
', r, t
', r, u
', r, x
', r, y
', s, e
', s, h
', s, i
', s, m
', s, x
', u, a
', u, b
', u, d
', u, e
', u, g
', u, k
', u, l
', u, m
', u, n
', u, p
', u, r
', u, s
', u, t
', u, x
', v, a
', v, b
', v, e
', v, j
', v, q
', v, w
', v, x
', v, y
', w, a
', w, l
', w, n
', w, q
', w, s
', w, x
', x, j
', x, y
', y, a
', y, e
', y, l
', y, n
', y, s
', z, a
', z, e
', z, o
', z, x
', z, y
', ', b
', ', f
', ', g
', ', h
', ', j
', ', k
', ', m
', ', p
', ', q
', ', r
', ', s
', ', u
', ', v
', ', w
', ', x
', ', y
', ', z
', ', '
